price,retail_price,uses_ad_boosts,rating,badges_count,badge_local_product,badge_product_quality,badge_fast_shipping,product_variation_inventory,shipping_option_price,shipping_is_express,countries_shipped_to,inventory_total,merchant_rating,merchant_has_profile_picture,size_encoded,price_converted,color_encoded,units_sold_categories
16,14,0,3.76,0,0,0,0,50,4,0,34,50,4.128521126760563,0,3,17.6,60,Slow
8,22,1,3.45,0,0,0,0,50,2,0,41,50,3.8996732762505633,0,1,8.8,24,Hot
8,43,0,3.57,0,0,0,0,1,3,0,36,50,3.989830508474576,0,1,8.8,37,Slow
8,8,1,4.03,0,0,0,0,50,2,0,41,50,4.020434709634105,0,3,8.8,4,Stable
2.72,3,1,3.1,0,0,0,0,1,1,0,35,50,4.001588178428394,0,2,2.9920000000000004,69,Slow
3.92,9,0,5,0,0,0,0,1,1,0,40,50,3.507692307692308,0,8,4.312,39,Slow
7,6,0,3.84,0,0,0,0,50,2,0,31,50,4.076515597410241,1,1,7.700000000000001,60,Hot
12,11,0,3.76,0,0,0,0,50,3,0,139,50,3.681286549707602,0,8,13.2,11,Stable
11,84,1,3.47,0,0,0,0,50,2,0,36,50,3.803030303030303,0,3,12.1,4,Slow
5.78,22,0,3.6,0,0,0,0,50,2,0,33,50,3.999819298879653,0,2,6.3580000000000005,3,Stable
5.79,5,0,3.46,0,0,0,0,2,2,0,25,50,3.9568109820485744,0,8,6.369000000000001,25,Stable
6,8,1,3.31,0,0,0,0,2,2,0,40,50,3.983783783783784,0,1,6.6000000000000005,29,Slow
1.91,6,1,3.45,0,0,0,0,1,1,0,38,50,4.123877917414721,0,1,2.101,43,Stable
5.79,42,0,3.32,0,0,0,0,50,2,0,43,50,3.9474719653747785,0,2,6.369000000000001,53,Stable
2,2,1,3.65,0,0,0,0,1,1,0,36,50,4.138885385322258,0,2,2.2,69,Hot
11,81,0,3.92,0,0,0,0,50,3,0,41,50,4.066326401056347,0,2,12.1,4,Stable
11,10,0,3.72,0,0,0,0,50,2,0,34,50,3.958425896540781,0,4,12.1,53,Hot
5,25,1,3.83,0,0,0,0,50,1,0,41,50,3.933581376640354,0,2,5.5,60,Hot
9,9,0,3.82,0,0,0,0,50,3,0,43,50,4.081624337905745,0,2,9.9,11,Hot
7,7,0,3.67,0,0,0,0,7,2,0,41,50,4.062360801781737,0,2,7.700000000000001,53,Stable
11,10,0,3.84,0,0,0,0,50,3,0,69,50,4.256597060443052,0,2,12.1,24,Stable
5,6,0,3.6,0,0,0,0,11,2,0,41,50,3.981336637497096,1,2,5.5,4,Hot
11,26,0,3.38,0,0,0,0,2,2,0,51,50,4.231842338352524,0,2,12.1,2,Stable
7,6,1,3.67,0,0,0,0,50,2,0,138,50,4.264658501827795,0,3,7.700000000000001,2,Stable
5.71,5,0,3.75,0,0,0,0,19,2,0,43,50,4.006692220293909,0,8,6.281000000000001,4,Stable
9,32,0,4.15,0,0,0,0,50,3,0,41,50,4.1100585417775415,0,3,9.9,2,Stable
9,9,0,4.03,0,0,0,0,5,3,0,60,50,4.22940902745463,0,3,9.9,58,Stable
5.65,5,0,4.29,1,0,1,0,50,2,0,43,50,4.017487726839753,0,2,6.215000000000001,60,Hot
1.74,2,1,4.25,0,0,0,0,50,1,0,41,50,3.831513948616165,0,1,1.914,46,Slow
5.65,6,0,4.06,0,0,0,0,50,2,0,54,50,4.060278646573784,0,6,6.215000000000001,60,Stable
14,76,0,4.06,0,0,0,0,50,4,0,36,50,3.9682688002491777,1,2,15.400000000000002,58,Slow
5.65,6,1,4.37,1,0,1,0,10,2,0,38,50,4.065905390637197,0,8,6.215000000000001,4,Stable
8,7,0,3.81,0,0,0,0,4,2,0,46,50,3.8708092485549135,0,2,8.8,3,Stable
2.66,3,0,3.44,0,0,0,0,50,1,0,22,50,4.3063628061882255,0,3,2.9260000000000006,4,Stable
9,8,0,3.8,0,0,0,0,50,3,0,45,50,3.8675471698113206,0,2,9.9,69,Hot
11,10,0,4.16,1,0,1,0,50,3,0,31,50,4.000143410296859,0,2,12.1,60,Stable
8,17,1,2.75,0,0,0,0,50,3,0,40,50,4.025364206665138,0,2,8.8,11,Slow
14,12,1,4.06,0,0,0,0,2,3,0,43,50,4.006692220293909,0,8,15.400000000000002,39,Stable
5.8,8,1,3.83,0,0,0,0,1,1,0,43,50,3.920852995639448,0,1,6.38,2,Slow
13,13,0,4.16,1,0,1,0,50,3,0,41,50,3.981336637497096,1,2,14.3,46,Stable
9,81,0,4.26,1,0,1,0,50,3,0,40,50,4.105054224804892,0,4,9.9,4,Hot
7,68,0,1.5,0,0,0,0,50,2,0,43,50,3.858942065491184,0,2,7.700000000000001,60,Slow
12,14,1,3.79,0,0,0,0,50,3,0,22,50,4.020408163265306,0,2,13.2,4,Slow
3.69,40,0,3.53,0,0,0,0,2,1,0,24,50,4.3648438215627,0,1,4.059,25,Slow
5,5,1,3.82,1,1,0,0,50,1,0,63,50,4.151395305858436,0,8,5.5,60,Hot
5.84,56,0,3.28,0,0,0,0,50,1,0,43,50,4.017487726839753,0,2,6.424,2,Slow
16,14,0,3,0,0,0,0,2,4,0,34,50,3.548387096774193,0,8,17.6,24,Slow
13,50,0,4.03,0,0,0,0,50,3,0,32,50,4.085704903677758,1,2,14.3,54,Stable
9,8,0,3.18,0,0,0,0,50,3,0,24,50,3.908535421042582,0,2,9.9,60,Hot
7,6,0,3.8,0,0,0,0,50,2,0,45,50,4.216385997836785,0,2,7.700000000000001,4,Slow
11,20,0,3.43,0,0,0,0,50,2,0,34,50,4.174679487179487,0,2,12.1,60,Slow
5.84,11,0,4.19,0,0,0,0,1,1,0,40,50,4.172785968969837,0,8,6.424,11,Stable
1,11,1,3.8,0,0,0,0,37,1,0,41,50,3.858118823959985,0,8,1.1,11,Stable
11,60,1,3.38,0,0,0,0,49,2,0,25,50,3.9601706970128014,0,2,12.1,60,Stable
9,8,1,4.03,0,0,0,0,50,3,0,33,50,4.108849060138637,0,4,9.9,12,Stable
6,56,1,3.5,0,0,0,0,1,2,0,28,50,3.876699977458863,0,8,6.6000000000000005,53,Stable
1,10,0,3.56,0,0,0,0,2,1,0,40,50,3.83793694273772,1,8,1.1,60,Slow
9,8,0,4.06,0,0,0,0,50,3,0,41,50,3.9993714037038814,1,2,9.9,43,Stable
6,6,0,4,0,0,0,0,5,2,0,23,50,3.874015748031496,0,1,6.6000000000000005,62,Slow
11,68,0,4.13,0,0,0,0,50,2,0,40,50,4.2152280762266106,0,3,12.1,53,Stable
7,6,0,4,0,0,0,0,50,2,0,139,50,4.352941176470588,0,1,7.700000000000001,11,Slow
5,38,1,5,0,0,0,0,17,1,0,33,50,3.6666666666666665,0,1,5.5,3,Slow
5.87,11,1,3.91,0,0,0,0,6,1,0,29,50,4.391304347826087,0,2,6.457000000000001,60,Stable
11,10,0,3.72,0,0,0,0,50,2,0,25,50,4.268002261895145,1,3,12.1,60,Stable
8,10,0,2.71,0,0,0,0,4,3,0,20,50,3.892857142857143,0,1,8.8,53,Slow
14,67,0,3.81,0,0,0,0,50,4,0,40,50,4.150756302521009,1,3,15.400000000000002,11,Stable
2,9,0,3.47,0,0,0,0,1,1,0,40,50,4.167627677100494,0,8,2.2,60,Slow
8,7,1,3.93,0,0,0,0,50,3,0,30,50,4.137581777804454,1,3,8.8,69,Hot
5.79,30,1,3.41,0,0,0,0,50,2,0,118,50,4.189843898724538,1,1,6.369000000000001,60,Stable
8,22,1,3.74,0,0,0,0,50,3,0,41,50,3.876761607336984,0,2,8.8,67,Slow
4.94,5,1,3.93,0,0,0,0,6,1,0,49,50,4.1214837434884135,1,3,5.434000000000001,6,Hot
8,7,0,3.82,0,0,0,0,50,3,0,14,50,3.872009976193176,0,3,8.8,43,Hot
11,10,1,3.46,0,0,0,0,50,3,0,41,50,4.301120485454981,0,2,12.1,4,Slow
8,33,0,5,0,0,0,0,50,2,0,25,50,4.169786096256685,0,2,8.8,4,Slow
9,33,1,4.5,0,0,0,0,50,3,0,41,50,4.120281052756937,0,2,9.9,60,Slow
7,6,0,4.26,0,0,0,0,50,2,0,31,50,3.837956204379562,1,2,7.700000000000001,2,Slow
11,10,0,4.24,0,0,0,0,50,3,0,36,50,4.289673913043479,0,2,12.1,52,Hot
8,92,0,3.56,0,0,0,0,50,2,0,55,50,3.968061051441493,0,2,8.8,69,Slow
5.83,5,1,4.22,0,0,0,0,1,1,0,35,50,4.14695734747171,1,2,6.413,64,Hot
8,7,0,3.42,0,0,0,0,50,2,0,63,50,3.965204236006052,0,2,8.8,46,Stable
5.77,5,1,4,0,0,0,0,45,1,0,31,50,3.915740329035127,0,2,6.347,2,Slow
5.9,5,0,3.64,0,0,0,0,4,1,0,30,50,3.951817413355875,0,8,6.490000000000001,25,Hot
6,20,0,3.08,0,0,0,0,50,2,0,43,50,3.931195965417868,0,2,6.6000000000000005,53,Slow
7,6,1,4.41,1,0,1,0,2,2,0,35,50,4.14695734747171,1,3,7.700000000000001,24,Hot
8,7,1,3.7,0,0,0,0,1,2,0,48,50,3.9375299186213497,0,3,8.8,46,Hot
12,11,0,3.81,0,0,0,0,50,3,0,13,50,4.150355871886121,0,2,13.2,6,Stable
5.78,8,1,4,0,0,0,0,50,1,0,29,50,4.184134248665141,0,1,6.3580000000000005,46,Hot
12,17,0,3.94,0,0,0,0,50,3,0,43,50,3.978260869565217,0,2,13.2,60,Stable
11,10,1,4.07,0,0,0,0,50,2,0,35,50,3.965700632033297,0,4,12.1,37,Hot
8,51,0,4.29,1,0,1,0,50,2,0,43,50,3.832535066712282,0,2,8.8,46,Slow
5.77,48,0,4.1,0,0,0,0,50,2,0,46,50,4.06734764909732,1,1,6.347,4,Hot
9,8,0,3.7,0,0,0,0,44,3,0,20,50,4.064643129286258,0,3,9.9,25,Hot
1.72,2,1,3.77,0,0,0,0,10,1,0,48,50,3.884543645859239,0,1,1.892,21,Slow
1.86,9,1,3.57,0,0,0,0,2,1,0,40,50,3.9430187637969096,0,1,2.0460000000000003,46,Slow
14,92,1,4.54,0,0,0,0,50,3,0,36,50,4.185185185185185,0,1,15.400000000000002,4,Slow
3.69,4,0,3.64,0,0,0,0,5,1,0,24,50,4.039127645926876,0,1,4.059,53,Stable
11,30,1,4.11,2,1,0,1,2,3,0,45,50,4.210460119484331,0,8,12.1,44,Slow
9,8,1,3.18,0,0,0,0,10,3,0,26,50,3.7291666666666665,0,8,9.9,53,Slow
6,8,0,3.96,0,0,0,0,50,2,0,43,50,3.80168428005284,1,4,6.6000000000000005,4,Hot
20,17,1,2.8,0,0,0,0,50,6,0,36,50,3.298507462686567,0,8,22,24,Slow
5.66,5,0,3.89,0,0,0,0,50,2,0,42,50,4.285597735765438,0,2,6.226000000000001,4,Stable
8,65,0,3.97,0,0,0,0,1,2,0,33,50,3.882845188284519,0,2,8.8,60,Slow
8,7,1,3.61,0,0,0,0,10,2,0,39,50,4.098557218830018,0,8,8.8,35,Stable
6,6,1,3.82,0,0,0,0,1,2,0,35,50,3.844776119402985,0,2,6.6000000000000005,25,Stable
11,10,0,3.96,0,0,0,0,50,3,0,23,50,4.252711496746204,0,2,12.1,4,Stable
7,6,1,4.2,0,0,0,0,3,2,0,26,50,3.94331983805668,0,1,7.700000000000001,60,Stable
11,10,0,3.77,0,0,0,0,50,3,0,31,50,4.000143410296859,0,1,12.1,53,Hot
5.8100000000000005,30,0,2.61,0,0,0,0,3,2,0,41,50,3.8947606995807047,0,1,6.391000000000001,24,Slow
14,12,0,3.93,0,0,0,0,36,4,0,26,50,3.88553776857995,0,8,15.400000000000002,11,Hot
5,51,0,5,0,0,0,0,1,1,0,36,50,3.989830508474576,0,1,5.5,4,Slow
5,5,1,4.3,0,0,0,0,3,2,0,22,50,4.167978516529308,0,8,5.5,15,Slow
11,10,0,4.12,0,0,0,0,50,2,0,21,50,3.851930136833908,1,2,12.1,37,Stable
12,67,0,3.67,0,0,0,0,20,3,0,32,50,4.008403361344538,0,1,13.2,46,Slow
5.68,5,0,4.5,0,0,0,0,50,2,0,109,50,4.5125,1,8,6.248,52,Slow
11,10,1,4,0,0,0,0,50,2,0,32,50,4.014652014652015,0,2,12.1,4,Slow
17,15,0,4.16,1,0,1,0,50,5,0,52,50,4.35261237481562,1,2,18.700000000000003,24,Hot
7,43,0,3.71,0,0,0,0,9,2,0,40,50,3.878166997135933,0,2,7.700000000000001,52,Slow
12,85,1,4.75,0,0,0,0,18,3,0,35,50,4.175438596491228,0,2,13.2,24,Slow
7,6,0,5,0,0,0,0,50,2,0,41,50,3.9707307018447904,0,2,7.700000000000001,4,Slow
7,33,0,3,0,0,0,0,50,2,0,41,50,4.001546269130125,0,2,7.700000000000001,11,Slow
11,59,0,4.11,0,0,0,0,50,2,0,41,50,4.057185405807893,1,3,12.1,69,Stable
12,43,0,3.59,0,0,0,0,50,3,0,42,50,3.948409020698177,0,3,13.2,32,Slow
13,51,0,3.61,0,0,0,0,50,3,0,43,50,3.9464161447459984,0,2,14.3,69,Stable
2.72,9,0,5,0,0,0,0,1,1,0,33,50,3.5978835978835977,0,1,2.9920000000000004,43,Slow
6,6,1,3.99,0,0,0,0,50,2,0,33,50,4.108849060138637,0,4,6.6000000000000005,24,Hot
9,56,1,4.03,0,0,0,0,3,3,0,19,50,3.7142857142857135,0,8,9.9,47,Slow
5,5,0,5,0,0,0,0,5,2,0,47,50,3.75,0,1,5.5,69,Slow
5.86,5,0,3.73,0,0,0,0,6,1,0,30,50,3.993016759776536,0,1,6.446000000000001,60,Stable
2,2,1,3.99,0,0,0,0,1,1,0,23,50,4.045170200666179,1,2,2.2,24,Hot
7,6,0,4.38,1,0,1,0,8,2,0,41,50,3.946790915634237,0,1,7.700000000000001,25,Stable
5.66,6,0,3.08,0,0,0,0,50,2,0,35,50,4.06901509705248,0,2,6.226000000000001,4,Slow
13,17,0,4.11,0,0,0,0,6,3,0,43,50,3.910741632028002,0,1,14.3,46,Stable
8,7,1,3.6,0,0,0,0,27,3,0,28,50,4.080890773644167,1,4,8.8,69,Stable
11,10,1,3.78,0,0,0,0,5,3,0,35,50,3.896073903002309,0,8,12.1,25,Stable
8,7,0,4.05,0,0,0,0,50,2,0,31,50,4.168097393475886,0,2,8.8,4,Hot
16,76,1,3.53,0,0,0,0,50,5,0,58,50,4.272058823529412,1,2,17.6,53,Slow
11,10,0,4.6,0,0,0,0,12,3,0,42,50,4.122996712553935,1,8,12.1,25,Slow
8,7,0,4.16,1,0,1,0,50,2,0,32,50,4.283611136550967,0,2,8.8,4,Hot
14,12,1,4.04,0,0,0,0,50,4,0,41,50,3.8947606995807047,0,3,15.400000000000002,29,Stable
7,6,0,3.6,0,0,0,0,50,2,0,127,50,4.15527950310559,0,2,7.700000000000001,4,Slow
12,11,1,3.89,0,0,0,0,25,3,0,50,50,4.153665091898569,1,4,13.2,46,Hot
7,50,0,3.49,0,0,0,0,50,2,0,132,50,4.011627906976744,0,2,7.700000000000001,1,Stable
2,56,1,3.07,0,0,0,0,2,1,0,26,50,3.696054114994363,0,2,2.2,29,Slow
6,16,1,3.11,0,0,0,0,25,2,0,18,50,3.8740329083578513,0,2,6.6000000000000005,60,Slow
8,7,1,4.07,0,0,0,0,50,3,0,38,50,4.1256830601092895,0,2,8.8,30,Stable
8,84,0,3.96,0,0,0,0,50,3,0,125,50,4.204916348090599,0,2,8.8,58,Hot
8,25,0,4,0,0,0,0,50,3,0,43,50,4.12394301820675,0,1,8.8,29,Stable
11,22,1,3.97,0,0,0,0,50,2,0,30,50,4.330745341614906,0,1,12.1,4,Stable
3.66,4,0,3.19,0,0,0,0,2,1,0,45,50,3.8675471698113206,0,2,4.026000000000001,24,Stable
1.68,2,1,3.67,0,0,0,0,1,1,0,40,50,3.956064947468959,0,8,1.848,60,Slow
13,11,0,2.5,0,0,0,0,36,3,0,29,50,3.774193548387097,0,8,14.3,60,Slow
13,11,1,3.82,0,0,0,0,30,3,0,43,50,4.006692220293909,0,2,14.3,69,Stable
11,16,1,2.92,0,0,0,0,50,2,0,16,50,3.6666666666666665,0,2,12.1,67,Slow
7,9,0,3.75,0,0,0,0,2,2,0,44,50,4.152726560715335,1,2,7.700000000000001,4,Stable
4.8100000000000005,76,0,4.16,0,0,0,0,45,1,0,39,50,3.928879661292949,0,2,5.291000000000001,52,Hot
9,8,0,4.29,0,0,0,0,50,3,0,55,50,4.151916136793264,0,3,9.9,67,Stable
18,115,0,3.68,0,0,0,0,34,5,0,51,50,4.156666666666666,0,3,19.8,53,Slow
7,6,1,3.63,0,0,0,0,50,2,0,41,50,4.024765228953711,0,2,7.700000000000001,3,Stable
5,8,1,3.06,0,0,0,0,1,1,0,40,50,3.995167373880245,0,8,5.5,36,Stable
1.68,2,1,3.76,0,0,0,0,1,1,0,30,50,3.9424657534246577,0,1,1.848,4,Stable
7,6,1,3.81,0,0,0,0,3,2,0,49,50,3.772727272727273,0,8,7.700000000000001,11,Slow
6,7,0,2.67,0,0,0,0,46,2,0,8,50,4.058951965065503,0,2,6.6000000000000005,46,Slow
13,19,1,3.76,0,0,0,0,50,3,0,12,50,3.9415204678362574,0,2,14.3,4,Stable
11,89,0,3.46,0,0,0,0,50,2,0,52,50,4.38569196276921,1,2,12.1,4,Slow
7,6,0,3.29,0,0,0,0,4,2,0,46,50,3.8708092485549135,0,2,7.700000000000001,25,Stable
12,11,0,2,0,0,0,0,50,3,0,38,50,4.001131861912847,0,1,13.2,46,Slow
6,17,0,4.14,0,0,0,0,37,2,0,74,50,4.166931637519872,0,3,6.6000000000000005,4,Slow
6,17,0,3.28,0,0,0,0,50,2,0,49,50,4.216278181123424,0,8,6.6000000000000005,60,Stable
8,7,1,3.89,0,0,0,0,25,3,0,28,50,4.080890773644167,1,8,8.8,24,Slow
8,7,0,3.14,0,0,0,0,5,2,0,32,50,4.067415730337078,0,1,8.8,69,Slow
11,84,0,3.98,0,0,0,0,50,2,0,137,50,4.141021671826626,0,5,12.1,49,Stable
6,22,0,4.04,0,0,0,0,21,2,0,55,50,3.968061051441493,0,2,6.6000000000000005,46,Stable
11,10,1,3.76,0,0,0,0,50,3,0,42,50,3.7355371900826446,0,3,12.1,4,Stable
9,8,1,4.16,0,0,0,0,20,3,0,35,50,3.9745555942837214,0,2,9.9,22,Slow
8,26,0,3.07,0,0,0,0,50,2,0,40,50,3.186046511627907,0,6,8.8,4,Slow
3.78,4,1,3.35,0,0,0,0,1,1,0,38,50,3.789601485502071,0,1,4.158,53,Stable
8,7,0,3.89,0,0,0,0,50,2,0,124,50,4.101118445177852,0,2,8.8,60,Slow
6,145,1,3.83,0,0,0,0,49,2,0,49,50,4.159492697924673,0,1,6.6000000000000005,24,Slow
8,17,0,3.96,0,0,0,0,50,3,0,32,50,3.901345291479821,0,3,8.8,60,Stable
9,36,0,4.09,0,0,0,0,50,3,0,42,50,4.168345936302633,0,2,9.9,4,Hot
5.65,5,1,4.06,0,0,0,0,50,1,0,65,50,4.251721458328836,1,2,6.215000000000001,4,Stable
3,3,0,3.4,0,0,0,0,3,1,0,36,50,3.8917910447761193,0,1,3.3000000000000003,3,Slow
8,10,0,3.8,0,0,0,0,5,2,0,23,50,3.7906976744186047,0,1,8.8,11,Slow
5.74,59,0,3.99,0,0,0,0,3,1,0,43,50,4.181588105030054,0,1,6.314000000000001,67,Stable
5,5,0,5,0,0,0,0,50,2,0,8,50,3.8372093023255816,0,2,5.5,60,Slow
8,7,1,3.61,0,0,0,0,50,2,0,38,50,4.038319698189988,0,8,8.8,37,Hot
3.67,4,1,4.31,0,0,0,0,50,1,0,138,50,4.395746933733345,1,8,4.037,4,Hot
8,7,1,3.69,0,0,0,0,17,3,0,33,50,4.27859146151449,0,2,8.8,69,Stable
11,10,0,3.64,0,0,0,0,50,2,0,41,50,4.066326401056347,0,2,12.1,11,Stable
8,7,0,4,0,0,0,0,4,3,0,42,50,4.159898345521498,0,1,8.8,29,Slow
22,169,1,3.38,0,0,0,0,50,5,0,35,50,4.147414623701959,0,3,24.200000000000003,60,Stable
8,7,1,3.7,0,0,0,0,50,3,0,41,50,4.066326401056347,0,2,8.8,60,Hot
19,26,1,3.01,2,1,0,1,10,6,0,47,40,4.1596671949286845,0,4,20.9,37,Stable
11,10,0,3.67,0,0,0,0,50,2,0,39,50,4.063525452250736,0,2,12.1,46,Stable
6,6,0,4.17,0,0,0,0,9,2,0,37,50,4.348798397863819,0,1,6.6000000000000005,46,Stable
7,56,1,4.16,0,0,0,0,15,2,0,41,50,4.001546269130125,0,2,7.700000000000001,46,Stable
7,6,1,3.84,0,0,0,0,10,2,0,20,50,4.055028999858537,0,1,7.700000000000001,60,Hot
8,11,0,2.81,0,0,0,0,50,2,0,17,50,3.5806451612903225,0,2,8.8,67,Slow
14,26,0,3.61,0,0,0,0,2,3,0,39,50,4.087339201083277,0,1,15.400000000000002,25,Slow
6,6,1,3.67,0,0,0,0,5,2,0,38,50,4.040595111583422,0,8,6.6000000000000005,13,Slow
11,12,0,3.45,0,0,0,0,50,2,0,79,50,3.946308724832215,0,2,12.1,4,Stable
6,21,0,3.18,0,0,0,0,13,2,0,34,50,4.113869950137377,1,2,6.6000000000000005,46,Stable
7,47,0,4.02,0,0,0,0,50,2,0,42,50,3.939481594918042,0,3,7.700000000000001,37,Stable
6,76,1,4.29,1,0,1,0,50,2,0,32,50,4.183387194147519,0,2,6.6000000000000005,4,Hot
7,16,0,3.71,0,0,0,0,50,2,0,45,50,3.907168037602821,0,2,7.700000000000001,53,Hot
9,65,1,3.7,0,0,0,0,50,3,0,36,50,3.9647198339756895,0,3,9.9,53,Stable
8,10,0,5,0,0,0,0,5,2,0,23,50,3.874015748031496,0,1,8.8,69,Slow
11,84,1,3.61,0,0,0,0,5,2,0,27,50,3.855172413793104,0,1,12.1,22,Slow
8,7,1,3.76,0,0,0,0,10,2,0,38,50,4.052504442470013,1,3,8.8,28,Hot
18,17,0,4.17,0,0,0,0,18,5,0,39,50,4.250528860682985,0,8,19.8,37,Hot
11,30,0,5,0,0,0,0,50,3,0,78,50,4.295123999823173,0,2,12.1,58,Slow
4.83,51,1,2,0,0,0,0,3,1,0,39,50,3.824561403508772,0,1,5.313000000000001,60,Slow
8,7,1,4.57,0,0,0,0,2,3,0,37,50,3.814754098360656,0,1,8.8,8,Slow
5.85,13,1,3.16,0,0,0,0,9,2,0,38,50,3.8947368421052633,0,1,6.4350000000000005,11,Stable
11,10,1,3.96,2,1,1,0,50,2,0,27,50,4.277078085642318,0,1,12.1,53,Slow
9,34,1,4.44,0,0,0,0,50,3,0,39,50,4.124909747292419,0,3,9.9,4,Slow
15,101,0,3.91,1,1,0,0,22,4,0,40,50,4.16027406693293,1,4,16.5,69,Stable
5,5,0,4.06,0,0,0,0,50,2,0,39,50,4.15823754789272,0,3,5.5,60,Stable
8,7,1,3.52,0,0,0,0,17,3,0,41,50,3.933581376640354,0,2,8.8,46,Slow
5.69,5,0,4.26,1,0,1,0,50,1,0,51,50,4.236471123237836,0,3,6.259000000000001,4,Stable
6,41,1,4.1,0,0,0,0,47,2,0,41,50,3.9492242595204514,0,2,6.6000000000000005,60,Stable
11,89,0,3.77,0,0,0,0,4,2,0,37,50,4.253287170683521,0,2,12.1,45,Slow
1.72,56,1,4,0,0,0,0,5,1,0,27,36,4.097159940209267,0,8,1.892,53,Slow
5.78,26,0,3.84,0,0,0,0,50,2,0,37,50,3.9822485207100593,0,2,6.3580000000000005,60,Hot
11,10,0,4.23,0,0,0,0,50,2,0,48,50,4.274865940148763,0,3,12.1,4,Stable
12,11,0,3.67,0,0,0,0,50,3,0,24,50,3.891954022988506,0,2,13.2,60,Stable
8,42,0,3.5,0,0,0,0,50,3,0,41,50,3.8759634768172657,0,2,8.8,43,Stable
1.89,2,0,3.46,0,0,0,0,1,1,0,33,50,4.105555555555555,0,1,2.079,4,Slow
12,17,0,4.21,0,0,0,0,50,3,0,43,50,3.9103428069147377,1,3,13.2,60,Stable
6,6,1,3.6,0,0,0,0,2,2,0,20,50,3.938200710965272,0,1,6.6000000000000005,46,Hot
4,4,1,4.28,1,0,1,0,4,1,0,18,50,4.156197708842837,0,1,4.4,39,Stable
7,33,0,2.75,0,0,0,0,29,2,0,43,50,3.9174494870624414,1,2,7.700000000000001,11,Slow
8,7,0,3.9,0,0,0,0,50,3,0,21,50,4.3183153770812925,1,8,8.8,52,Slow
5,5,0,4.5,0,0,0,0,50,2,0,45,50,3.8675471698113206,0,2,5.5,46,Slow
5.84,5,0,3.45,0,0,0,0,43,1,0,48,50,3.884543645859239,0,2,6.424,25,Hot
8,13,0,3.99,0,0,0,0,50,3,0,44,50,3.97562447206468,0,2,8.8,25,Hot
19,21,0,4.09,0,0,0,0,1,6,0,40,50,4.092913558578323,1,8,20.9,11,Stable
11,10,1,3.54,0,0,0,0,50,2,0,42,50,4.15593220338983,1,5,12.1,4,Slow
3.85,10,0,3.33,0,0,0,0,7,1,0,25,50,4.039473684210527,0,8,4.235,52,Slow
9,48,1,4.01,0,0,0,0,50,3,0,25,50,3.7487937273823886,0,3,9.9,52,Stable
8,9,0,5,0,0,0,0,5,3,0,38,50,4.052504442470013,1,8,8.8,43,Slow
11,10,0,4,0,0,0,0,6,3,0,36,50,4.004267016780864,1,3,12.1,60,Stable
6,13,1,3.85,0,0,0,0,50,2,0,40,50,4.084969487927832,0,2,6.6000000000000005,53,Hot
5,33,0,3.98,0,0,0,0,50,1,0,41,50,4.036080872613097,0,2,5.5,43,Hot
16,14,1,4.05,0,0,0,0,50,5,0,36,50,4.217898832684825,0,2,17.6,60,Slow
13,11,0,3.91,0,0,0,0,50,3,0,28,50,3.473684210526316,0,8,14.3,69,Slow
9,34,1,3.14,0,0,0,0,50,3,0,40,50,3.5346467391304346,0,1,9.9,39,Slow
7,6,1,3.64,0,0,0,0,50,2,0,104,50,4.264327485380117,0,8,7.700000000000001,46,Slow
6,6,0,3.96,0,0,0,0,50,2,0,40,50,3.998651118266469,0,2,6.6000000000000005,60,Hot
8,7,1,3.71,0,0,0,0,50,2,0,35,50,3.965700632033297,0,2,8.8,20,Hot
4.7,17,1,4,0,0,0,0,3,1,0,43,50,4.006692220293909,0,1,5.170000000000001,11,Slow
4,4,1,3.45,0,0,0,0,46,1,0,45,50,4.149262096020923,0,8,4.4,60,Hot
8,7,1,3.57,0,0,0,0,50,2,0,41,50,3.945945945945946,0,2,8.8,60,Stable
16,59,1,3.5,0,0,0,0,50,4,0,43,50,3.89714133048357,0,8,17.6,4,Stable
11,10,0,3.29,0,0,0,0,50,3,0,80,50,3.732142857142857,0,8,12.1,11,Slow
5.77,5,0,3.85,0,0,0,0,50,2,0,43,50,3.975069673169496,0,2,6.347,4,Hot
8,84,0,4.19,1,0,1,0,50,3,0,37,50,4.187813611190267,0,3,8.8,4,Hot
14,13,0,4.5,1,0,1,0,50,3,0,40,50,4.04772518683624,0,2,15.400000000000002,25,Slow
6,26,0,3.25,0,0,0,0,50,2,0,40,50,3.646464646464647,0,1,6.6000000000000005,4,Slow
13,11,1,4,0,0,0,0,29,3,0,42,50,4.032956080706961,0,2,14.3,69,Slow
11,50,0,4.22,1,0,1,0,50,3,0,43,50,3.967520145210528,0,3,12.1,60,Hot
4,4,0,3.39,0,0,0,0,7,1,0,48,50,3.884543645859239,0,2,4.4,46,Stable
5.77,16,0,3.72,0,0,0,0,50,2,0,44,50,4.220091324200913,0,4,6.347,4,Stable
9,50,0,4.17,0,0,0,0,50,3,0,41,50,4.007149477028995,0,3,9.9,4,Hot
11,16,1,3.75,0,0,0,0,50,2,0,42,50,4.15239979798147,1,1,12.1,4,Hot
9,22,1,4.24,0,0,0,0,7,3,0,51,50,4.231842338352524,0,2,9.9,25,Stable
5.8100000000000005,34,1,3.54,0,0,0,0,2,2,0,43,50,4.006692220293909,0,1,6.391000000000001,53,Stable
11,59,0,3.66,0,0,0,0,50,3,0,54,50,4.194554146747038,0,3,12.1,67,Slow
11,10,0,3.69,0,0,0,0,50,2,0,37,50,4.023291043,1,2,12.1,53,Hot
8,7,1,3.53,0,0,0,0,50,3,0,42,50,3.903585657370518,0,8,8.8,11,Stable
11,10,0,3.65,0,0,0,0,50,3,0,46,50,4.310432990739798,0,2,12.1,60,Hot
6,6,0,4.07,0,0,0,0,50,2,0,24,50,3.908535421042582,0,1,6.6000000000000005,60,Stable
5,6,0,4.07,0,0,0,0,50,1,0,41,50,4.048355604368784,0,2,5.5,22,Stable
6,6,1,3.92,0,0,0,0,50,2,0,38,50,3.923458540042523,0,1,6.6000000000000005,52,Stable
8,7,1,4.02,0,0,0,0,50,2,0,43,50,4.105967054218412,0,2,8.8,4,Stable
13,26,0,4.06,0,0,0,0,50,3,0,35,50,4.4630635524171645,0,8,14.3,58,Slow
11,10,0,3.73,0,0,0,0,5,3,0,68,50,4.024054982817869,0,8,12.1,69,Slow
5.65,25,0,3.65,0,0,0,0,50,1,0,43,50,4.01760068186661,1,8,6.215000000000001,52,Hot
8,16,0,4.04,0,0,0,0,9,2,0,43,50,4.194270122783084,0,2,8.8,60,Hot
3,3,1,4.29,1,0,1,0,5,1,0,34,50,3.883809523809524,0,2,3.3000000000000003,4,Slow
8,7,0,3.88,0,0,0,0,1,2,0,25,50,3.736526946107785,0,1,8.8,69,Slow
13,14,0,3.74,0,0,0,0,50,3,0,18,50,3.941090376875229,0,2,14.3,11,Hot
11,88,0,4.1,0,0,0,0,25,3,0,35,50,4.022153226483176,1,2,12.1,69,Stable
7,22,0,3.5,0,0,0,0,3,2,0,37,50,3.760287393860222,0,1,7.700000000000001,46,Slow
5,5,0,3.97,0,0,0,0,6,2,0,29,50,3.775450843513671,0,1,5.5,60,Stable
6,6,0,3.84,0,0,0,0,50,2,0,39,50,3.928879661292949,0,6,6.6000000000000005,4,Stable
3,3,1,4.12,0,0,0,0,6,1,0,49,50,4.1214837434884135,1,2,3.3000000000000003,52,Hot
12,26,0,4.16,0,0,0,0,50,3,0,43,50,4.100615674746242,0,2,13.2,60,Stable
11,10,1,3.09,0,0,0,0,50,3,0,38,50,3.967610844908109,0,2,12.1,4,Slow
8,118,0,3.85,0,0,0,0,50,2,0,43,50,4.02469661486055,0,2,8.8,61,Hot
6,6,0,3.07,0,0,0,0,1,2,0,27,50,3.930572945900436,0,1,6.6000000000000005,4,Slow
9,57,0,3.63,0,0,0,0,50,3,0,71,50,4.143054978534829,0,2,9.9,4,Stable
8,7,0,3.6,0,0,0,0,50,3,0,24,50,3.881463802704853,0,2,8.8,46,Stable
5,5,0,5,0,0,0,0,13,2,0,41,50,4.224604966139955,0,4,5.5,4,Slow
8,7,0,3.71,0,0,0,0,5,2,0,23,50,3.5450236966824646,0,1,8.8,25,Slow
9,8,1,3.94,0,0,0,0,50,3,0,41,50,4.079885575038406,0,3,9.9,60,Hot
8,7,1,3.32,0,0,0,0,30,3,0,28,50,4.080890773644167,1,3,8.8,52,Hot
4.8100000000000005,5,1,5,0,0,0,0,5,1,0,47,50,4.333333333333333,0,1,5.291000000000001,69,Slow
14,104,1,3.44,0,0,0,0,50,4,0,31,50,3.76158940397351,0,2,15.400000000000002,43,Slow
8,26,0,5,0,0,0,0,50,2,0,33,50,3.659420289855072,0,2,8.8,69,Slow
7,81,1,3.57,0,0,0,0,30,2,0,43,50,3.8566166798211,1,1,7.700000000000001,24,Slow
3,3,0,3.67,0,0,0,0,2,1,0,40,50,4.291469816272966,0,8,3.3000000000000003,60,Slow
8,8,0,3.63,0,0,0,0,50,3,0,38,50,4.089721749006246,0,2,8.8,60,Stable
8,10,0,3.5,0,0,0,0,5,2,0,20,50,3.786324786324786,0,1,8.8,69,Slow
12,11,0,3.34,0,0,0,0,50,3,0,14,50,3.681684622918707,1,2,13.2,11,Stable
11,22,1,2.71,2,1,0,1,1,2,0,43,50,4.018766756032171,0,8,12.1,4,Slow
8,7,1,3,0,0,0,0,50,2,0,35,50,4.484396671289876,0,2,8.8,60,Slow
8,7,0,4.39,1,0,1,0,50,3,0,38,50,4.212403100775194,0,2,8.8,37,Slow
6,30,0,3.53,0,0,0,0,50,2,0,41,50,3.793733681462141,0,2,6.6000000000000005,11,Stable
11,26,0,4.25,0,0,0,0,50,2,0,70,50,4.054919908466819,1,8,12.1,37,Slow
8,7,1,3.86,0,0,0,0,2,3,0,28,50,4.390326209223847,0,1,8.8,53,Slow
8,7,0,3.58,0,0,0,0,24,2,0,36,50,4.014180721756337,0,2,8.8,60,Stable
9,9,1,3.74,0,0,0,0,50,3,0,44,50,4.203725356458476,0,2,9.9,60,Hot
14,12,0,5,0,0,0,0,5,3,0,41,50,4.173049799283932,0,8,15.400000000000002,46,Slow
13,11,1,3.88,0,0,0,0,34,3,0,19,50,3.981073222310336,0,5,14.3,53,Stable
4.84,5,1,4.09,0,0,0,0,2,1,0,43,50,3.9514876700416175,1,1,5.324,60,Slow
5,5,0,4.11,0,0,0,0,50,2,0,43,50,4.044844768110387,0,4,5.5,52,Stable
14,89,1,3.43,0,0,0,0,9,3,0,40,50,4.231746031746032,0,2,15.400000000000002,45,Stable
3,60,1,3.57,1,0,0,1,1,1,0,27,50,3.952,0,8,3.3000000000000003,25,Slow
7,6,0,3.35,0,0,0,0,4,2,0,47,50,3.7324733595064497,0,2,7.700000000000001,46,Hot
5,5,0,3.93,0,0,0,0,50,1,0,29,50,4.095287866910548,0,2,5.5,11,Hot
9,8,0,4.07,0,0,0,0,50,3,0,22,50,4.336583273766976,0,3,9.9,69,Slow
9,8,1,4.22,0,0,0,0,50,3,0,138,50,4.264658501827795,0,3,9.9,4,Stable
8,11,0,4.13,0,0,0,0,50,3,0,15,50,4.30635838150289,0,2,8.8,43,Stable
11,10,0,2,0,0,0,0,50,3,0,19,50,3.999061341343221,0,2,12.1,69,Slow
19,17,0,3.77,1,1,0,0,2,5,0,27,50,3.959994727476438,0,8,20.9,57,Stable
8,25,0,3.65,0,0,0,0,50,3,0,39,50,4.227584840882081,1,2,8.8,69,Hot
7,6,0,3.91,0,0,0,0,50,2,0,32,50,4.124874220165023,0,2,7.700000000000001,53,Hot
12,11,0,3.11,0,0,0,0,3,3,0,29,50,3.775450843513671,0,1,13.2,46,Stable
7,6,0,3.19,0,0,0,0,50,2,0,43,50,4.012953645219998,1,3,7.700000000000001,2,Stable
8,17,1,3.93,0,0,0,0,50,2,0,41,50,3.984157051833993,0,3,8.8,4,Stable
8,7,1,5,0,0,0,0,50,3,0,10,50,3.966034958601656,0,3,8.8,25,Slow
11,10,0,4.32,1,0,1,0,1,2,0,39,1,4.29226618705036,0,5,12.1,4,Hot
11,30,0,5,0,0,0,0,10,2,0,33,50,4.007246376811594,0,1,12.1,2,Slow
3.7,47,1,3.18,0,0,0,0,9,1,0,38,50,3.4094707520891365,0,8,4.07,46,Slow
14,12,1,3.75,0,0,0,0,48,3,0,37,50,4.030461482337205,0,3,15.400000000000002,4,Stable
11,10,1,4.26,1,0,1,0,50,2,0,38,50,4.1023209420732165,0,1,12.1,37,Stable
18,16,1,3.63,1,0,0,1,50,5,0,27,50,4.146030245746692,0,8,19.8,69,Stable
12,118,1,4.29,1,0,1,0,50,3,0,38,50,4.256076906849893,0,2,13.2,4,Hot
14,43,1,4.05,0,0,0,0,50,3,0,43,50,3.8720443837787855,0,2,15.400000000000002,37,Stable
8,75,0,4.33,0,0,0,0,50,3,0,41,50,4.002933165723864,0,2,8.8,4,Slow
1.77,2,1,4.03,0,0,0,0,50,1,0,45,50,4.237547892720307,0,8,1.9470000000000005,60,Hot
3.73,9,0,4.14,0,0,0,0,50,1,0,44,50,4.145660706498037,0,2,4.103000000000001,25,Stable
8,22,0,3.92,0,0,0,0,47,2,0,43,50,4.049640276733805,0,2,8.8,4,Slow
18,27,1,4.09,0,0,0,0,50,5,0,42,50,4.052917060864081,0,3,19.8,11,Stable
4,4,1,4.07,0,0,0,0,50,1,0,48,50,3.884543645859239,0,2,4.4,69,Slow
5.68,7,0,3.89,0,0,0,0,50,1,0,41,50,4.05448038176034,0,8,6.248,11,Hot
1.75,6,1,3,0,0,0,0,1,1,0,35,50,4.06901509705248,0,8,1.9250000000000005,4,Slow
14,84,1,4.13,0,0,0,0,2,3,0,43,50,3.7078916372202593,0,8,15.400000000000002,60,Slow
8,7,1,2.75,0,0,0,0,5,3,0,25,50,3.9568109820485744,0,8,8.8,53,Stable
6,9,0,4.04,0,0,0,0,50,2,0,41,50,4.032946686271306,1,2,6.6000000000000005,46,Hot
5.89,5,0,3.25,0,0,0,0,2,2,0,24,50,3.849592549476135,0,1,6.479,53,Stable
5,5,1,3.77,0,0,0,0,50,1,0,39,50,4.288179242853464,0,3,5.5,60,Stable
2.71,3,0,4.03,0,0,0,0,50,1,0,38,50,4.04915734980066,0,2,2.9810000000000003,25,Hot
11,10,0,5,0,0,0,0,3,2,0,42,50,4.247491638795987,0,8,12.1,11,Slow
16,14,0,4.1,0,0,0,0,50,4,0,44,50,4.155031839552461,0,2,17.6,11,Slow
7,26,0,4.01,0,0,0,0,50,2,0,37,50,4.216694976947343,0,2,7.700000000000001,60,Stable
4,4,1,1,0,0,0,0,20,1,0,44,50,3.515748031496063,0,1,4.4,11,Slow
6,6,1,3.13,0,0,0,0,50,2,0,41,50,4.079885575038406,0,2,6.6000000000000005,46,Slow
8,17,0,5,0,0,0,0,50,3,0,48,50,3.625,0,2,8.8,60,Slow
4,4,1,4.24,1,0,1,0,50,1,0,50,50,3.8584998362266623,0,2,4.4,67,Slow
11,20,0,3.92,0,0,0,0,16,3,0,41,50,3.871635276048824,0,2,12.1,11,Hot
12,59,0,3.47,0,0,0,0,50,3,0,41,50,4.062360801781737,0,2,13.2,60,Stable
11,11,0,2.99,0,0,0,0,50,2,0,17,50,4.032864741641338,0,2,12.1,67,Stable
1.91,2,0,4.05,0,0,0,0,2,1,0,22,50,4.105460608586911,0,1,2.101,11,Hot
5.7,58,0,3.45,0,0,0,0,50,1,0,45,50,4.096233744650796,0,5,6.2700000000000005,4,Hot
8,17,0,4.47,1,0,1,0,50,2,0,40,50,4.397350993377484,0,2,8.8,4,Stable
9,8,0,3.58,0,0,0,0,50,3,0,43,50,3.8568843202548138,0,2,9.9,52,Stable
5.72,9,0,2.5,0,0,0,0,5,1,0,33,50,3.899490167516388,0,1,6.292,25,Slow
2,10,0,3.2,0,0,0,0,1,1,0,41,50,3.99063829787234,0,8,2.2,60,Slow
9,9,0,4.16,0,0,0,0,50,3,0,43,50,3.940158528468568,0,2,9.9,52,Stable
15,13,0,4,0,0,0,0,50,4,0,42,50,4.021148036253776,0,2,16.5,60,Slow
20,17,0,4.17,0,0,0,0,50,6,0,36,50,3.923076923076923,0,2,22,53,Slow
6,9,1,3.67,0,0,0,0,50,2,0,42,50,4.024242424242424,0,2,6.6000000000000005,60,Stable
3,3,1,3.08,0,0,0,0,1,1,0,38,50,3.964591733870968,0,8,3.3000000000000003,4,Stable
9,10,0,4.15,0,0,0,0,50,3,0,31,50,4.306990358126722,0,1,9.9,53,Hot
8,8,1,3.98,0,0,0,0,50,3,0,42,50,3.939481594918042,0,2,8.8,4,Hot
12,75,1,2.82,0,0,0,0,1,3,0,38,50,3.034482758620689,0,1,13.2,64,Slow
11,13,1,3.8,0,0,0,0,10,2,0,41,50,4.020434709634105,0,5,12.1,11,Slow
9,22,1,3.3,0,0,0,0,50,3,0,43,50,3.9514876700416175,1,2,9.9,60,Slow
7,6,0,4.33,1,0,1,0,50,2,0,34,50,4.323907689501049,0,3,7.700000000000001,60,Stable
5.92,9,1,3.71,0,0,0,0,18,1,0,43,50,4.2128867998433215,0,1,6.5120000000000005,11,Slow
8,48,0,4.34,1,0,1,0,50,2,0,9,50,4.337349397590361,0,1,8.8,11,Stable
11,134,1,3.54,0,0,0,0,50,3,0,46,50,4.071651090342679,0,2,12.1,4,Slow
8,7,1,3.62,0,0,0,0,50,3,0,38,50,3.901216058637348,0,8,8.8,4,Hot
15,115,1,3.94,0,0,0,0,2,4,0,38,50,4.256076906849893,0,3,16.5,60,Hot
8,7,1,3.59,0,0,0,0,38,2,0,23,50,4.045170200666179,1,3,8.8,3,Hot
1.68,2,1,3.95,0,0,0,0,1,1,0,23,50,4.045170200666179,1,8,1.848,53,Stable
24,59,1,4.21,0,0,0,0,50,6,0,26,50,4.308276199804114,0,8,26.4,3,Stable
5.65,26,0,3.67,0,0,0,0,50,1,0,32,50,4.299207397622193,0,8,6.215000000000001,11,Slow
13,11,0,4.35,1,0,1,0,50,3,0,139,50,4.047619047619048,0,1,14.3,50,Slow
16,106,0,4.07,0,0,0,0,50,5,0,40,50,4.2336827213684005,0,3,17.6,60,Slow
5.83,5,0,4.36,0,0,0,0,3,1,0,24,50,3.952836128441417,0,1,6.413,69,Slow
7,7,0,3.32,0,0,0,0,50,2,0,31,50,4.0583906954664135,0,1,7.700000000000001,4,Stable
8,27,1,3.98,0,0,0,0,1,3,0,43,50,4.216412924163604,0,2,8.8,4,Stable
5.65,9,0,4.23,0,0,0,0,50,2,0,20,50,4.088904951210697,0,4,6.215000000000001,67,Stable
1.8,2,1,3.68,0,0,0,0,4,1,0,20,50,4.041371158392435,0,1,1.98,30,Stable
7,6,1,3,0,0,0,0,50,2,0,41,50,3.9349673202614377,0,6,7.700000000000001,4,Slow
9,108,0,4.06,0,0,0,0,50,3,0,42,50,3.849511290866195,0,2,9.9,4,Stable
12,11,0,3.49,0,0,0,0,50,3,0,139,50,3.776636713735559,0,3,13.2,11,Stable
8,7,0,3.84,0,0,0,0,50,2,0,31,50,3.837956204379562,1,2,8.8,60,Stable
11,10,1,3.74,0,0,0,0,50,3,0,41,50,3.954443094812409,1,1,12.1,4,Stable
8,7,0,3.54,0,0,0,0,50,3,0,31,50,4.000143410296859,0,1,8.8,60,Hot
7,6,0,4,0,0,0,0,7,2,0,24,50,4.039127645926876,0,1,7.700000000000001,3,Slow
6,13,0,3.51,0,0,0,0,50,2,0,43,50,3.870734673438729,1,2,6.6000000000000005,46,Stable
6,22,1,4.19,0,0,0,0,3,2,0,55,50,4.417272462925269,0,8,6.6000000000000005,11,Stable
13,25,1,3.42,0,0,0,0,50,3,0,41,50,3.9504034000864414,1,2,14.3,56,Slow
7,50,1,4.08,0,0,0,0,50,2,0,41,50,3.967484133824336,0,2,7.700000000000001,4,Stable
13,11,1,3.5,0,0,0,0,10,3,0,30,50,4.024460097530769,0,2,14.3,53,Stable
12,14,0,3.88,0,0,0,0,50,3,0,22,50,3.8846153846153846,0,2,13.2,4,Slow
5.71,13,1,4.23,1,0,1,0,50,1,0,38,50,4.242653006201133,0,2,6.281000000000001,53,Stable
11,51,1,3,0,0,0,0,50,2,0,43,50,4.001277435837882,1,2,12.1,60,Slow
3.79,49,0,3.93,0,0,0,0,2,1,0,8,50,4.046825382901455,0,1,4.1690000000000005,53,Hot
8,10,0,3.39,0,0,0,0,3,2,0,23,50,3.682758620689655,0,1,8.8,39,Slow
2,3,0,4.09,0,0,0,0,50,1,0,38,50,4.04915734980066,0,2,2.2,60,Hot
6,22,0,3.74,0,0,0,0,50,2,0,38,50,4.016772974249941,0,2,6.6000000000000005,69,Stable
6,6,0,4.2,0,0,0,0,5,2,0,20,50,3.7222222222222223,0,1,6.6000000000000005,62,Slow
13,11,0,3.75,0,0,0,0,35,3,0,43,50,4.100615674746242,0,1,14.3,67,Slow
8,25,1,4.25,0,0,0,0,50,3,0,43,50,3.900294695481336,0,3,8.8,46,Stable
7,6,0,5,0,0,0,0,50,2,0,140,50,5,0,1,7.700000000000001,3,Slow
11,10,0,4.05,0,0,0,0,14,3,0,54,50,4.064925465073303,0,3,12.1,4,Stable
11,152,0,3.91,0,0,0,0,50,2,0,43,50,3.908359907316066,0,1,12.1,11,Stable
8,7,1,3.8,0,0,0,0,50,3,0,44,50,4.203725356458476,0,2,8.8,25,Stable
1.65,2,1,3.67,0,0,0,0,1,1,0,38,50,3.9587902370003536,0,8,1.815,60,Stable
8,22,0,3.7,0,0,0,0,50,3,0,43,50,4.084799278304015,0,2,8.8,4,Hot
12,11,1,3.76,0,0,0,0,20,3,0,43,50,4.046733668341709,0,2,13.2,60,Stable
9,8,1,3.84,0,0,0,0,50,3,0,30,50,4.137581777804454,1,3,9.9,60,Hot
8,7,0,3.33,0,0,0,0,50,2,0,43,50,3.80168428005284,1,3,8.8,4,Hot
11,50,1,3,0,0,0,0,50,3,0,36,50,2.9411764705882355,0,2,12.1,4,Slow
11,10,0,4.29,0,0,0,0,50,2,0,21,50,3.842469705712637,0,1,12.1,11,Stable
9,8,0,3.75,0,0,0,0,50,3,0,41,50,3.8211856171039846,0,2,9.9,53,Stable
7,13,0,3.12,0,0,0,0,50,2,0,42,50,3.849511290866195,0,3,7.700000000000001,2,Hot
6,6,0,3.93,0,0,0,0,50,2,0,38,50,4.04915734980066,0,2,6.6000000000000005,4,Slow
7,14,0,4.24,0,0,0,0,50,2,0,43,50,4.143965517241379,0,4,7.700000000000001,53,Slow
11,106,1,3.92,1,0,0,1,12,3,0,45,50,4.068664567807756,1,2,12.1,60,Hot
11,85,1,4.08,0,0,0,0,50,3,0,40,50,4.334078212290502,0,2,12.1,24,Stable
7,6,0,4.12,0,0,0,0,50,2,0,47,50,4.06135865595325,0,2,7.700000000000001,4,Stable
8,72,0,4.01,0,0,0,0,50,2,0,41,50,3.91247582205029,0,2,8.8,61,Stable
15,13,0,3.95,0,0,0,0,34,4,0,41,50,4.040497478575627,0,2,16.5,11,Stable
9,46,0,4.86,0,0,0,0,30,3,0,74,30,4.228007181328546,0,8,9.9,58,Slow
7,6,0,4.41,1,0,1,0,2,2,0,17,50,4.101384943181818,0,2,7.700000000000001,56,Hot
11,10,1,3.08,0,0,0,0,3,2,0,47,50,3.689320388349514,0,1,12.1,46,Slow
6,10,0,3,0,0,0,0,3,2,0,20,50,3.676724137931034,0,1,6.6000000000000005,69,Stable
8,10,0,4.07,0,0,0,0,3,2,0,23,50,4.040650406504065,0,1,8.8,62,Slow
2,2,1,2.92,0,0,0,0,1,1,0,25,50,3.9754098360655736,0,5,2.2,29,Slow
8,13,0,4.04,0,0,0,0,50,2,0,51,50,4.231842338352524,0,3,8.8,25,Slow
22,159,0,4.04,0,0,0,0,50,5,0,80,50,4.097966728280961,0,2,24.200000000000003,4,Stable
11,10,0,3.89,0,0,0,0,50,3,0,42,50,4.193588786397245,0,1,12.1,60,Stable
6,6,1,3.73,0,0,0,0,50,2,0,50,50,3.8584998362266623,0,2,6.6000000000000005,69,Stable
6,38,0,4.22,0,0,0,0,50,2,0,40,50,4.293899648587566,0,3,6.6000000000000005,4,Stable
9,50,1,3.84,0,0,0,0,50,3,0,42,50,3.948409020698177,0,2,9.9,25,Slow
12,11,1,3.64,0,0,0,0,29,3,0,36,50,4.138885385322258,0,2,13.2,4,Hot
6,6,1,3.71,0,0,0,0,49,2,0,38,50,4.0732797140303845,0,8,6.6000000000000005,4,Hot
9,33,0,3.81,0,0,0,0,50,3,0,45,50,4.166509285489456,0,2,9.9,4,Stable
18,47,0,4.62,2,1,0,1,5,5,0,82,50,4.2266211604095565,1,8,19.8,4,Slow
11,108,0,2.95,0,0,0,0,50,3,0,52,50,3.8730828220858897,0,2,12.1,43,Stable
13,13,0,3.7,0,0,0,0,10,3,0,52,50,4.0644762845849804,0,2,14.3,4,Stable
11,38,1,3.66,0,0,0,0,50,2,0,42,50,4.105127474525448,0,2,12.1,4,Hot
11,10,0,4.09,0,0,0,0,4,2,0,20,50,4.078095238095238,0,8,12.1,52,Stable
11,10,0,4.14,0,0,0,0,50,2,0,43,50,4.2636812992821,1,2,12.1,60,Slow
9,34,0,5,0,0,0,0,6,3,0,41,50,4.07420278004906,0,2,9.9,60,Slow
2.83,3,1,3.62,0,0,0,0,5,1,0,20,50,3.918754945924558,0,1,3.1130000000000004,25,Hot
7,159,0,3.39,0,0,0,0,50,2,0,41,50,4.081783081783081,0,2,7.700000000000001,2,Stable
15,28,1,3.23,0,0,0,0,50,4,0,51,50,3.850613154960981,0,2,16.5,11,Slow
14,68,1,3.44,1,1,0,0,50,3,0,40,50,4.226462715105162,0,2,15.400000000000002,60,Stable
12,14,0,5,0,0,0,0,50,3,0,22,50,3.8846153846153846,0,2,13.2,4,Slow
16,22,1,3.15,0,0,0,0,39,4,0,34,50,3.4177215189873418,0,3,17.6,25,Slow
8,42,0,3.95,0,0,0,0,50,2,0,40,50,4.025364206665138,0,3,8.8,4,Stable
12,13,0,3.56,0,0,0,0,50,3,0,42,50,4.087737366687378,0,2,13.2,60,Hot
11,76,1,4.1,1,1,0,0,50,2,0,40,50,4.149140785117452,0,2,12.1,37,Stable
11,14,0,3.93,0,0,0,0,19,3,0,83,50,4.279492401691995,0,2,12.1,37,Stable
5.69,5,0,3.61,0,0,0,0,50,2,0,39,50,4.227530747398297,0,3,6.259000000000001,53,Stable
12,11,1,3.28,0,0,0,0,50,3,0,38,50,3.964591733870968,0,8,13.2,4,Slow
7,13,1,3.35,0,0,0,0,50,2,0,40,50,4.103759813878616,0,2,7.700000000000001,22,Hot
5.66,5,1,4.29,1,0,1,0,50,1,0,138,50,4.356187909958088,0,8,6.226000000000001,25,Hot
8,7,0,3.39,0,0,0,0,50,2,0,47,50,4.156715324661136,1,2,8.8,58,Hot
5,5,1,3.88,0,0,0,0,2,2,0,50,50,4.153665091898569,1,3,5.5,46,Hot
14,13,0,4.16,0,0,0,0,50,3,0,31,50,4.2177709296353365,0,2,15.400000000000002,4,Stable
6,47,0,4.28,0,0,0,0,50,2,0,43,50,3.862313807208458,0,2,6.6000000000000005,37,Stable
8,7,0,4.02,0,0,0,0,50,3,0,31,50,4.243712224605186,1,2,8.8,38,Hot
11,21,0,4.08,0,0,0,0,17,3,0,70,50,3.981623277182236,0,8,12.1,60,Stable
1.85,11,0,3.9,0,0,0,0,2,1,0,40,50,3.83793694273772,1,8,2.035,4,Slow
9,8,1,3.61,0,0,0,0,50,3,0,41,50,3.954443094812409,1,6,9.9,4,Stable
8,56,1,3.59,0,0,0,0,50,3,0,36,50,3.795238095238095,0,3,8.8,4,Hot
3,3,0,3.81,0,0,0,0,50,1,0,38,50,4.04915734980066,0,2,3.3000000000000003,66,Hot
6,17,1,3.9,0,0,0,0,50,2,0,38,50,4.238172633428508,0,1,6.6000000000000005,60,Stable
3.86,6,0,4,0,0,0,0,4,1,0,20,50,3.8609077598828696,0,1,4.246,60,Slow
9,8,0,4.03,0,0,0,0,50,3,0,42,50,4.193588786397245,0,2,9.9,4,Stable
11,17,0,3.62,0,0,0,0,50,3,0,36,50,4.136394557823129,0,3,12.1,36,Stable
8,7,1,3.95,0,0,0,0,50,2,0,38,50,3.997589762703442,0,6,8.8,4,Hot
8,140,1,4.17,0,0,0,0,50,3,0,19,50,4.167804878048781,0,2,8.8,11,Hot
11,168,0,3.33,0,0,0,0,3,3,0,33,50,3.914893617021277,0,2,12.1,60,Slow
8,7,0,2,0,0,0,0,46,3,0,41,50,4.07420278004906,0,8,8.8,4,Slow
2,8,0,3.88,0,0,0,0,1,1,0,40,50,3.9430187637969096,0,8,2.2,22,Slow
5.66,5,1,3.41,0,0,0,0,50,1,0,48,50,3.83348095659876,0,6,6.226000000000001,4,Slow
9,8,0,4.1,0,0,0,0,10,3,0,26,50,4.022944116310768,0,1,9.9,52,Slow
8,9,1,4.08,0,0,0,0,2,3,0,39,50,4.076971608832808,0,3,8.8,53,Slow
9,8,0,3.78,0,0,0,0,15,3,0,43,50,4.038733886098166,0,2,9.9,53,Stable
2.76,17,1,4.33,1,0,1,0,3,1,0,43,50,4.136723163841808,0,1,3.036,24,Stable
3.83,4,0,3.57,0,0,0,0,1,1,0,38,50,3.9587902370003536,0,8,4.213,34,Slow
7,9,1,4.47,1,0,1,0,50,2,0,43,50,4.161796722814255,0,2,7.700000000000001,4,Hot
6,43,0,3.46,0,0,0,0,15,2,0,43,50,3.967520145210528,0,3,6.6000000000000005,46,Stable
8,21,0,4.06,1,0,1,0,50,2,0,48,50,4.274865940148763,0,3,8.8,60,Slow
8,9,1,4.16,0,0,0,0,50,3,0,42,50,3.885160860460689,0,2,8.8,25,Stable
2.66,3,1,2.67,0,0,0,0,1,1,0,30,50,4.137581777804454,1,2,2.9260000000000006,69,Slow
8,85,0,3.37,0,0,0,0,50,3,0,47,50,4.156715324661136,1,5,8.8,37,Hot
8,7,1,3.55,0,0,0,0,49,2,0,42,50,4.1374523679912905,0,1,8.8,57,Stable
3.67,9,0,3.32,0,0,0,0,15,1,0,111,50,4.070618245284286,1,5,4.037,60,Stable
12,81,0,4.08,0,0,0,0,50,3,0,38,50,4.127921060600077,0,3,13.2,60,Hot
13,11,1,4.06,0,0,0,0,50,3,0,43,50,4.28849252274945,0,2,14.3,39,Hot
9,8,1,3.89,0,0,0,0,2,3,0,26,50,4.047959307254451,0,8,9.9,25,Stable
9,85,1,4.63,0,0,0,0,18,3,0,36,50,4.185185185185185,0,1,9.9,60,Slow
8,7,0,3.38,0,0,0,0,50,3,0,14,50,3.8383838383838382,0,1,8.8,69,Slow
12,11,0,4.14,0,0,0,0,50,3,0,30,50,3.9848368423748783,1,2,13.2,39,Hot
5,75,1,3.8,0,0,0,0,50,2,0,43,50,3.889677492618669,0,3,5.5,4,Slow
6,6,0,4.27,1,0,1,0,50,2,0,31,50,4.176997680792748,1,1,6.6000000000000005,4,Stable
14,12,0,3.7,0,0,0,0,29,4,0,27,50,4.05688825069685,0,8,15.400000000000002,69,Stable
8,7,0,4.34,0,0,0,0,1,2,0,43,50,4.013812874641647,0,2,8.8,60,Stable
8,59,1,4.03,0,0,0,0,15,3,0,42,50,4.083566573370652,0,2,8.8,60,Hot
8,7,0,3.41,0,0,0,0,50,3,0,40,50,4.209154694286669,0,2,8.8,58,Hot
18,16,0,4.23,0,0,0,0,50,5,0,10,50,4.387414066631412,1,3,19.8,8,Hot
3.93,24,0,3.54,0,0,0,0,2,1,0,28,50,4.213422259274698,0,1,4.323,69,Slow
11,10,1,3.12,0,0,0,0,9,3,0,55,50,3.968061051441493,0,2,12.1,43,Slow
8,7,0,4.37,0,0,0,0,50,3,0,31,50,4.179445442299057,1,1,8.8,69,Stable
11,59,1,4.33,0,0,0,0,50,3,0,41,50,3.955434157561817,0,2,12.1,60,Slow
12,11,1,5,0,0,0,0,5,3,0,25,50,4.5,0,1,13.2,69,Slow
11,10,1,3.56,0,0,0,0,50,3,0,35,50,4.06901509705248,0,8,12.1,2,Slow
11,10,0,3.96,0,0,0,0,50,2,0,42,50,4.2767258382643,0,3,12.1,16,Slow
3,3,0,4.25,0,0,0,0,1,1,0,27,50,4.035714285714286,0,1,3.3000000000000003,43,Slow
5,8,1,3.51,0,0,0,0,1,2,0,40,50,4.069535764096433,0,1,5.5,25,Stable
9,43,0,4.74,0,0,0,0,50,3,0,41,50,4.002933165723864,0,2,9.9,24,Stable
8,7,0,3.61,0,0,0,0,1,2,0,26,50,3.88553776857995,0,1,8.8,46,Stable
9,8,1,3.88,0,0,0,0,50,3,0,39,50,4.098557218830018,0,1,9.9,37,Hot
11,10,0,3.73,0,0,0,0,50,3,0,41,50,3.9246774093968018,0,2,12.1,4,Hot
11,84,0,3.53,0,0,0,0,50,3,0,60,50,4.0171333054743,0,1,12.1,13,Hot
7,6,0,4.34,1,0,1,0,41,2,0,37,50,4.293240865334852,0,3,7.700000000000001,24,Hot
3.93,4,1,4.4,0,0,0,0,11,1,0,20,50,3.918754945924558,0,1,4.323,39,Slow
7,6,1,3.67,0,0,0,0,44,2,0,23,50,4.045170200666179,1,3,7.700000000000001,3,Slow
8,7,0,4,0,0,0,0,5,2,0,23,50,3.7906976744186047,0,1,8.8,62,Slow
3.7,9,0,2.25,0,0,0,0,2,1,0,35,50,3.7777777777777777,0,6,4.07,4,Slow
8,7,0,4.11,0,0,0,0,50,2,0,31,50,4.260595887536718,0,1,8.8,53,Stable
3.94,8,0,3.9,0,0,0,0,1,1,0,39,50,4.068783068783069,0,8,4.3340000000000005,2,Slow
15,13,0,4.41,1,0,1,0,50,4,0,32,50,4.254335260115607,0,8,16.5,60,Stable
5,5,1,3.74,0,0,0,0,7,2,0,36,50,4.138885385322258,0,3,5.5,6,Stable
4.67,4,1,2.88,0,0,0,0,5,1,0,25,50,4.079365079365079,0,1,5.1370000000000005,27,Slow
11,10,0,3.29,0,0,0,0,50,2,0,80,50,3.732142857142857,0,3,12.1,11,Slow
5.9,5,0,3.26,0,0,0,0,9,2,0,20,50,4.055028999858537,0,1,6.490000000000001,60,Stable
9,8,0,3.65,0,0,0,0,48,3,0,20,50,3.986206896551724,0,2,9.9,25,Stable
16,18,0,3.88,0,0,0,0,50,4,0,41,50,3.828569914973644,0,3,17.6,69,Slow
6,6,0,4.34,0,0,0,0,50,2,0,49,50,4.3238304093567255,0,8,6.6000000000000005,24,Hot
16,26,0,3.67,1,1,0,0,11,4,0,28,50,4.237542606719688,0,2,17.6,58,Stable
3.76,4,0,3.34,0,0,0,0,3,1,0,22,50,4.109621451104101,0,1,4.136,43,Stable
8,30,1,4.01,0,0,0,0,50,3,0,57,50,4.209312839059675,0,8,8.8,58,Stable
11,10,1,3.13,0,0,0,0,1,3,0,26,50,3.381868131868132,0,1,12.1,11,Slow
8,7,1,3.33,0,0,0,0,50,2,0,40,50,4.368336025848143,0,2,8.8,17,Slow
12,11,0,4.05,0,0,0,0,50,3,0,42,50,4.032956080706961,0,2,13.2,4,Stable
8,9,1,4.07,0,0,0,0,50,2,0,43,50,4.105967054218412,0,2,8.8,11,Stable
11,10,1,3.32,0,0,0,0,50,2,0,18,50,4.3249348392702,0,2,12.1,11,Slow
5,5,0,3.94,0,0,0,0,10,1,0,48,50,3.884543645859239,0,2,5.5,11,Hot
5,76,1,3.77,1,0,0,1,1,2,0,45,50,4.068664567807756,1,2,5.5,4,Stable
7,6,1,3.8,0,0,0,0,50,2,0,35,50,3.811275964391692,0,2,7.700000000000001,25,Stable
8,7,1,4.02,0,0,0,0,10,2,0,38,50,4.054423150145958,0,8,8.8,13,Stable
15,15,0,5,0,0,0,0,50,4,0,40,50,4.252289156626506,0,8,16.5,4,Slow
7,6,0,4.15,1,0,0,1,50,2,0,56,50,4.135949052836095,0,3,7.700000000000001,4,Slow
13,68,1,3.97,0,0,0,0,50,3,0,38,50,4.256076906849893,0,3,14.3,4,Stable
9,59,0,3.69,0,0,0,0,50,3,0,42,50,4.024242424242424,0,2,9.9,3,Slow
5,5,0,3,0,0,0,0,50,2,0,35,50,4.053971796692705,0,1,5.5,46,Slow
14,93,1,4.24,0,0,0,0,3,3,0,40,50,4.201298485100716,1,3,15.400000000000002,69,Stable
7,16,1,3.94,0,0,0,0,50,2,0,54,50,4.145335680160925,0,4,7.700000000000001,60,Hot
13,84,1,4.07,0,0,0,0,50,3,0,41,50,4.203400532178776,0,2,14.3,4,Hot
2,6,1,4.03,0,0,0,0,1,1,0,35,50,4.117444922602608,1,1,2.2,67,Stable
4.73,7,1,4.4,1,0,1,0,1,1,0,35,50,4.117444922602608,1,2,5.203000000000001,24,Slow
11,37,0,3.42,0,0,0,0,50,3,0,39,50,4.310188055383343,1,2,12.1,4,Hot
8,122,1,4,1,1,0,0,1,2,0,34,50,4.19960362400906,0,2,8.8,46,Stable
4.74,20,0,4.05,0,0,0,0,50,1,0,40,50,4.293899648587566,0,2,5.214,60,Stable
8,7,0,3.28,0,0,0,0,11,2,0,30,50,3.982399530654151,0,2,8.8,53,Hot
8,7,0,3.83,0,0,0,0,5,2,0,23,50,3.5450236966824646,0,1,8.8,60,Slow
8,30,0,3.47,0,0,0,0,50,3,0,35,50,3.952583862194016,0,3,8.8,22,Slow
5.95,6,1,3.21,0,0,0,0,2,2,0,26,50,3.853575962759205,0,8,6.545000000000001,69,Slow
3.65,9,1,3.38,2,1,0,1,1,1,0,81,50,4.243249324932493,0,8,4.015000000000001,24,Slow
2.81,3,0,3.91,0,0,0,0,30,1,0,43,50,4.105967054218412,0,2,3.091,60,Stable
4.66,5,0,4.28,1,0,1,0,50,1,0,41,50,4.394591056777541,0,2,5.126,46,Hot
5,16,1,4.23,0,0,0,0,20,2,0,41,50,4.029235310922769,0,1,5.5,11,Stable
13,11,1,3.53,0,0,0,0,50,3,0,43,50,3.865384615384616,0,3,14.3,43,Stable
8,7,0,4.3,1,0,1,0,50,3,0,36,50,4.289673913043479,0,2,8.8,37,Stable
8,85,0,3.5,0,0,0,0,50,3,0,45,50,3.9870513556403417,0,2,8.8,52,Slow
7,6,0,4.07,0,0,0,0,50,2,0,44,50,4.155031839552461,0,1,7.700000000000001,52,Slow
12,11,1,3.37,0,0,0,0,1,3,0,32,50,3.860659157279933,0,2,13.2,53,Stable
5,5,1,3.68,0,0,0,0,50,2,0,45,50,3.8675471698113206,0,2,5.5,69,Stable
13,33,1,3.88,0,0,0,0,50,3,0,44,50,4.149122807017544,0,2,14.3,25,Stable
14,75,0,4.15,0,0,0,0,50,4,0,43,50,4.070637468884159,0,2,15.400000000000002,4,Hot
7,6,1,3.48,0,0,0,0,6,2,0,39,50,3.995605700712589,0,8,7.700000000000001,46,Hot
6,6,1,3.74,0,0,0,0,39,2,0,43,50,4.1137989778534925,0,3,6.6000000000000005,60,Hot
8,7,1,4.1,0,0,0,0,50,3,0,43,50,4.316243682408564,1,2,8.8,46,Stable
5,30,0,3.69,0,0,0,0,50,1,0,40,50,3.8400246685168056,0,1,5.5,4,Slow
5.65,33,0,5,0,0,0,0,50,2,0,43,50,4.0370164594763525,0,8,6.215000000000001,69,Slow
3.76,7,0,3.5,0,0,0,0,5,1,0,90,50,3.880428954423592,0,8,4.136,60,Slow
7,6,1,4.57,1,0,1,0,50,2,0,27,50,4.430935619393664,0,8,7.700000000000001,58,Slow
4.67,4,1,4.28,1,0,1,0,50,1,0,138,50,4.264658501827795,0,8,5.1370000000000005,60,Hot
2.8,3,1,3.17,0,0,0,0,10,1,0,44,50,4.258106637649619,0,1,3.08,25,Slow
16,25,1,4.5,0,0,0,0,50,5,0,55,50,4.014792899408284,0,2,17.6,60,Slow
9,17,0,3.63,0,0,0,0,1,3,0,107,50,4.289968652037618,0,2,9.9,58,Slow
7,9,1,3.83,0,0,0,0,50,2,0,43,50,4.134935469514909,0,2,7.700000000000001,58,Stable
16,14,0,4,0,0,0,0,50,5,0,26,50,4.148272017837235,0,8,17.6,4,Slow
9,34,0,4,0,0,0,0,50,3,0,61,50,4.4581005586592175,0,2,9.9,13,Slow
3,26,1,2,0,0,0,0,13,1,0,43,50,3.954643808255659,0,2,3.3000000000000003,69,Slow
6,6,1,3.83,0,0,0,0,4,2,0,38,50,4.1023209420732165,0,8,6.6000000000000005,60,Stable
12,72,0,3.93,0,0,0,0,50,3,0,38,50,4.337466547725246,0,2,13.2,4,Stable
6,34,0,3.8,0,0,0,0,50,2,0,41,50,3.928919681806518,0,4,6.6000000000000005,60,Slow
9,19,1,3.97,0,0,0,0,50,3,0,64,50,4.01524132091448,0,3,9.9,60,Stable
9,26,0,3.6,0,0,0,0,50,3,0,43,50,3.8720443837787855,0,2,9.9,39,Hot
5,5,0,3.06,0,0,0,0,50,1,0,13,50,4.150355871886121,0,1,5.5,69,Slow
16,84,0,3.41,0,0,0,0,50,4,0,39,50,4.048993963782697,0,2,17.6,4,Slow
11,14,1,3.76,0,0,0,0,19,2,0,43,50,4.137105855855856,1,2,12.1,4,Hot
8,7,0,3.43,0,0,0,0,50,2,0,43,50,4.130946461130449,0,2,8.8,46,Slow
7,7,0,3.55,0,0,0,0,50,2,0,45,50,3.9870513556403417,0,2,7.700000000000001,11,Hot
14,12,0,3.82,0,0,0,0,5,4,0,42,50,4.2957915831663325,1,8,15.400000000000002,4,Stable
7,6,0,3.72,0,0,0,0,50,2,0,22,50,4.1278391390540925,1,1,7.700000000000001,24,Slow
8,7,0,2.79,2,1,0,1,50,7,1,41,50,4.336708499714774,0,2,8.8,13,Slow
8,7,0,3.91,0,0,0,0,50,3,0,37,50,4.097302504816955,1,2,8.8,11,Stable
14,86,0,4.08,0,0,0,0,50,3,0,17,50,4.26547236503856,0,2,15.400000000000002,58,Stable
6,32,0,3.47,0,0,0,0,50,2,0,18,50,3.898890186915888,0,2,6.6000000000000005,60,Stable
11,10,1,3.63,0,0,0,0,50,2,0,35,50,3.924684510891408,0,2,12.1,25,Hot
8,26,1,4.19,1,0,1,0,50,3,0,43,50,4.049640276733805,0,2,8.8,25,Stable
14,12,1,4,0,0,0,0,1,4,0,22,50,3.875486381322957,0,1,15.400000000000002,4,Slow
5,127,0,2.79,0,0,0,0,18,2,0,54,50,4.225392754087848,0,2,5.5,43,Slow
11,10,0,4.25,0,0,0,0,50,3,0,33,50,4.230555555555555,0,8,12.1,24,Slow
4.8100000000000005,30,0,5,0,0,0,0,5,1,0,43,50,3.990507997890666,0,1,5.291000000000001,24,Slow
9,21,0,3.51,0,0,0,0,7,3,0,34,50,4.113869950137377,1,3,9.9,24,Slow
11,70,0,2,0,0,0,0,1,2,0,62,50,3.873106060606061,0,2,12.1,46,Slow
12,11,1,3.85,0,0,0,0,50,3,0,58,50,3.863697343708077,0,2,13.2,39,Stable
6,140,0,4.09,0,0,0,0,44,2,0,18,50,4.03125,0,1,6.6000000000000005,53,Stable
3.87,15,1,4.53,1,1,0,0,5,1,0,67,50,4.232170628749167,0,8,4.257000000000001,25,Slow
11,11,0,3.75,0,0,0,0,50,3,0,18,50,3.898890186915888,0,2,12.1,52,Stable
14,25,1,3.8,0,0,0,0,2,4,0,39,50,3.908695652173913,0,1,15.400000000000002,24,Slow
9,8,1,3.91,0,0,0,0,7,3,0,41,50,4.079223592135954,0,2,9.9,53,Hot
9,8,0,3.08,0,0,0,0,50,3,0,24,50,3.908535421042582,0,2,9.9,3,Stable
12,16,0,3.01,0,0,0,0,50,3,0,18,50,3.898890186915888,0,2,13.2,67,Hot
11,10,1,4.09,0,0,0,0,50,3,0,35,50,4.089677190493083,0,4,12.1,37,Hot
11,159,0,3.67,0,0,0,0,50,2,0,109,50,3.8780230027976375,1,1,12.1,60,Stable
11,26,0,3.95,0,0,0,0,50,2,0,33,50,3.999819298879653,0,6,12.1,56,Stable
13,30,0,2.93,0,0,0,0,50,3,0,45,50,4.096666983192479,0,3,14.3,58,Hot
5.77,9,0,2.9,0,0,0,0,50,2,0,43,50,4.00293542074364,0,2,6.347,46,Slow
5,5,0,3.91,0,0,0,0,1,2,0,24,50,3.908535421042582,0,1,5.5,13,Slow
11,10,0,3.34,0,0,0,0,3,3,0,30,50,3.958303886925795,1,1,12.1,60,Stable
6,17,0,3.47,0,0,0,0,50,2,0,49,50,4.216278181123424,0,8,6.6000000000000005,24,Slow
5,5,0,3.34,0,0,0,0,15,2,0,41,50,4.094745422623526,1,1,5.5,11,Stable
8,7,1,3.47,0,0,0,0,5,2,0,137,50,4.0647271087054575,0,1,8.8,11,Stable
7,6,1,3.28,0,0,0,0,7,2,0,23,50,4.045170200666179,1,1,7.700000000000001,69,Stable
12,11,0,3.25,0,0,0,0,15,3,0,11,50,3.794738551477753,0,2,13.2,53,Hot
2,9,1,3.67,0,0,0,0,1,1,0,41,50,3.8018018018018016,0,1,2.2,46,Slow
4,4,1,3.1,0,0,0,0,5,1,0,25,50,4.078222418748618,0,8,4.4,48,Slow
11,11,0,3.75,0,0,0,0,50,3,0,60,50,4.1808403361344535,0,2,12.1,4,Hot
13,15,0,3.49,1,0,0,1,2,3,0,33,50,4.428571428571429,0,8,14.3,24,Slow
6,17,0,4.35,1,0,1,0,3,2,0,40,50,4.143666099793755,1,8,6.6000000000000005,4,Hot
12,100,0,3.68,0,0,0,0,50,3,0,28,50,4.243589743589744,0,8,13.2,58,Slow
12,11,0,3.96,0,0,0,0,50,3,0,41,50,4.105777666374232,1,2,13.2,13,Stable
14,126,1,4.09,0,0,0,0,50,4,0,40,50,4.184731649289763,0,2,15.400000000000002,67,Slow
11,10,1,4.38,0,0,0,0,50,2,0,139,50,4.283333333333333,0,8,12.1,46,Slow
14,97,0,4.23,0,0,0,0,3,4,0,36,50,4.210706150341686,0,2,15.400000000000002,3,Slow
9,9,0,3.37,0,0,0,0,13,3,0,41,50,3.8938454032201855,0,1,9.9,60,Stable
11,10,1,3.8,0,0,0,0,10,2,0,26,50,3.94331983805668,0,1,12.1,69,Slow
3.7,58,1,3.47,0,0,0,0,50,1,0,118,50,4.189843898724538,1,8,4.07,3,Stable
9,48,1,4.02,0,0,0,0,50,3,0,43,50,4.105967054218412,0,2,9.9,11,Hot
3.85,7,1,4.18,0,0,0,0,1,1,0,35,50,4.117444922602608,1,2,4.235,24,Stable
8,49,1,3.49,0,0,0,0,2,2,0,22,50,3.988933972703799,0,1,8.8,33,Stable
14,12,1,3.87,0,0,0,0,10,4,0,26,50,3.7291666666666665,0,8,15.400000000000002,13,Stable
11,250,0,3.64,0,0,0,0,50,3,0,47,50,4.156715324661136,1,2,12.1,60,Hot
6,6,0,3.75,0,0,0,0,7,2,0,24,50,3.8175834508697695,0,1,6.6000000000000005,69,Stable
8,7,0,3.39,0,0,0,0,50,3,0,43,50,4.041214597717345,0,3,8.8,4,Stable
5.74,5,1,3.61,0,0,0,0,1,1,0,50,50,4.153665091898569,1,3,6.314000000000001,60,Hot
2,2,1,4.13,0,0,0,0,50,1,0,42,50,4.036018957345972,0,8,2.2,25,Stable
8,7,1,3.81,0,0,0,0,50,3,0,58,50,4.254207959729432,0,8,8.8,24,Stable
2,2,0,4.19,1,0,1,0,1,1,0,35,50,4.14695734747171,1,1,2.2,24,Stable
11,10,0,3.13,0,0,0,0,50,2,0,24,50,3.8175834508697695,0,2,12.1,7,Stable
11,20,0,3.56,0,0,0,0,50,2,0,37,50,3.9623806850084224,0,3,12.1,58,Hot
5,85,1,3.7,0,0,0,0,2,2,0,41,50,3.831513948616165,0,1,5.5,53,Stable
9,8,0,3.7,0,0,0,0,50,3,0,81,50,3.894230769230769,0,8,9.9,11,Slow
9,8,0,3.68,0,0,0,0,50,3,0,43,50,3.9474719653747785,0,3,9.9,46,Stable
7,6,0,3.95,0,0,0,0,50,2,0,40,50,3.956064947468959,0,1,7.700000000000001,4,Slow
9,9,0,4.1,0,0,0,0,50,3,0,41,50,3.9993714037038814,1,2,9.9,15,Hot
11,11,1,3.59,0,0,0,0,50,2,0,44,50,4.203725356458476,0,3,12.1,4,Stable
2,2,1,2.57,0,0,0,0,5,1,0,30,50,4.024460097530769,0,2,2.2,69,Slow
14,12,1,3.61,0,0,0,0,50,3,0,32,50,3.915275200989487,0,3,15.400000000000002,69,Hot
7,26,0,3.86,0,0,0,0,50,2,0,33,50,3.999819298879653,0,2,7.700000000000001,60,Hot
8,7,1,3.66,0,0,0,0,50,3,0,41,50,3.89711549690529,0,8,8.8,4,Hot
13,11,1,3.87,0,0,0,0,48,3,0,37,50,4.030461482337205,0,3,14.3,56,Hot
8,7,0,4.13,0,0,0,0,50,2,0,31,50,4.053017944535074,1,1,8.8,25,Hot
8,68,0,5,0,0,0,0,50,3,0,43,50,3.916932907348243,0,2,8.8,60,Slow
11,10,1,3.8,0,0,0,0,20,3,0,31,50,3.7974481658692185,0,2,12.1,24,Stable
5,5,0,3.97,0,0,0,0,50,2,0,45,50,3.8675471698113206,0,2,5.5,67,Slow
5.75,16,1,4.26,0,0,0,0,50,2,0,32,50,4.444444444444445,0,8,6.325,4,Slow
8,7,1,3.32,0,0,0,0,31,3,0,48,50,3.9375299186213497,0,4,8.8,24,Stable
6,7,1,4,0,0,0,0,50,2,0,45,50,4.166509285489456,0,2,6.6000000000000005,11,Slow
11,19,1,3.78,0,0,0,0,50,2,0,41,50,4.003228782287823,0,2,12.1,56,Hot
5.65,6,1,3.96,0,0,0,0,17,2,0,23,50,4.045170200666179,1,3,6.215000000000001,4,Stable
8,8,0,4.14,0,0,0,0,50,3,0,41,50,3.799958669146518,0,3,8.8,60,Stable
5,5,0,3.6,0,0,0,0,7,2,0,20,50,4.028857381150959,0,1,5.5,60,Stable
11,10,1,4.05,0,0,0,0,50,2,0,45,50,3.936382393397524,0,3,12.1,4,Hot
49,42,0,4.67,1,0,0,1,2,12,1,41,2,4.223137738933182,0,8,53.900000000000006,55,Slow
5,5,1,4.83,0,0,0,0,1,2,0,40,50,3.038961038961039,0,1,5.5,53,Slow
4.66,11,1,2.92,0,0,0,0,50,1,0,41,50,4.2757313751036365,0,5,5.126,4,Slow
19,17,1,3.4,0,0,0,0,49,5,0,21,50,3.760579895533525,1,1,20.9,26,Stable
23,118,0,3.86,0,0,0,0,50,6,0,54,50,4.064925465073303,0,3,25.3,43,Slow
9,10,1,3.84,0,0,0,0,2,3,0,39,50,3.651205936920223,0,8,9.9,60,Slow
6,34,0,3.41,0,0,0,0,50,2,0,43,50,4.00293542074364,0,2,6.6000000000000005,46,Stable
14,92,0,3.92,0,0,0,0,50,4,0,40,50,4.227620087336245,0,3,15.400000000000002,53,Slow
22,19,1,3.66,0,0,0,0,50,6,0,38,50,4.09690771852934,0,2,24.200000000000003,19,Hot
8,7,1,2.98,0,0,0,0,20,2,0,36,50,3.475583864118896,0,2,8.8,24,Stable
16,14,0,4.34,1,0,1,0,50,4,0,47,50,4.301174734691561,0,1,17.6,4,Hot
14,12,0,3.74,0,0,0,0,43,3,0,26,50,3.88553776857995,0,8,15.400000000000002,60,Stable
16,16,0,5,0,0,0,0,10,5,0,32,50,4.303030303030303,0,8,17.6,58,Slow
8,8,0,4.18,0,0,0,0,48,2,0,15,50,4.005740528128588,0,1,8.8,24,Stable
9,8,1,4.22,0,0,0,0,50,3,0,43,50,4.091418563922942,0,3,9.9,11,Stable
14,12,0,4.23,1,0,1,0,50,4,0,33,50,4.169886363636364,0,2,15.400000000000002,4,Slow
11,10,1,3.76,0,0,0,0,27,3,0,36,50,4.138885385322258,0,4,12.1,60,Hot
15,109,0,3.96,0,0,0,0,50,4,0,36,50,3.9682688002491777,1,2,16.5,4,Stable
5.75,5,1,5,0,0,0,0,5,2,0,139,50,2.333333333333333,0,1,6.325,60,Slow
9,8,1,3.29,0,0,0,0,44,3,0,28,50,4.080890773644167,1,8,9.9,53,Stable
6,6,0,3.21,0,0,0,0,50,2,0,24,50,4.155393980385526,0,2,6.6000000000000005,4,Stable
8,7,0,4.09,0,0,0,0,50,2,0,21,50,3.9609355561084847,0,2,8.8,4,Hot
5.73,5,1,3.69,0,0,0,0,50,1,0,58,50,4.2794464075382805,0,8,6.303000000000001,69,Stable
8,7,0,3.9,0,0,0,0,2,2,0,18,50,4.130004214075011,0,1,8.8,60,Hot
11,10,1,3.35,0,0,0,0,50,2,0,33,50,3.895038167938931,0,2,12.1,67,Stable
8,7,1,3.67,0,0,0,0,20,3,0,37,50,3.791907514450867,0,2,8.8,13,Slow
7,17,0,5,0,0,0,0,2,2,0,21,50,3.608695652173913,0,8,7.700000000000001,25,Slow
4,6,0,4,0,0,0,0,50,1,0,30,50,4.094694474935968,1,2,4.4,52,Hot
13,11,0,3.22,0,0,0,0,50,3,0,41,50,3.8018018018018016,0,8,14.3,0,Slow
12,85,1,4.15,0,0,0,0,50,3,0,40,50,4.2336827213684005,0,2,13.2,42,Stable
5.78,50,1,3.55,0,0,0,0,50,1,0,10,50,3.966034958601656,0,1,6.3580000000000005,25,Stable
5.86,11,0,4.28,1,0,1,0,50,2,0,29,50,4.264380530973451,0,8,6.446000000000001,4,Stable
9,22,0,3.82,0,0,0,0,50,3,0,18,50,3.8740329083578513,0,1,9.9,11,Hot
3.87,4,0,3.34,0,0,0,0,1,1,0,22,50,4.127366057106192,0,1,4.257000000000001,25,Stable
9,38,0,4.52,1,0,1,0,50,3,0,55,50,4.380173035328046,1,2,9.9,60,Stable
5.74,5,1,3.38,0,0,0,0,1,2,0,30,50,4.137581777804454,1,1,6.314000000000001,69,Slow
9,8,1,4.06,0,0,0,0,28,3,0,23,50,4.045170200666179,1,3,9.9,3,Hot
8,55,0,5,0,0,0,0,50,3,0,63,50,4.248582230623819,0,3,8.8,60,Slow
3.68,4,0,3.71,0,0,0,0,1,1,0,38,50,3.789601485502071,0,1,4.048000000000001,11,Slow
4.86,8,1,3.89,0,0,0,0,1,1,0,38,50,3.7899001922900832,1,1,5.346000000000001,60,Stable
12,11,1,3.29,0,0,0,0,50,3,0,36,50,3.4642857142857144,0,8,13.2,4,Slow
15,25,1,3.3,0,0,0,0,49,4,0,25,50,3.949063670411985,0,4,16.5,24,Stable
3.91,4,1,3.73,0,0,0,0,50,1,0,48,50,3.884543645859239,0,2,4.301,69,Stable
11,14,0,3.16,0,0,0,0,9,3,0,94,50,4.064229831986662,0,3,12.1,4,Slow
11,84,0,3.46,0,0,0,0,50,3,0,40,50,4.201298485100716,1,3,12.1,45,Slow
8,30,1,4.18,0,0,0,0,50,2,0,33,50,3.9025477204606407,0,2,8.8,24,Hot
14,12,1,4.36,1,0,1,0,50,3,0,38,50,4.238172633428508,0,2,15.400000000000002,4,Hot
6,11,0,4,0,0,0,0,50,2,0,25,50,3.774114021571649,0,8,6.6000000000000005,2,Slow
6,6,0,4.18,0,0,0,0,5,2,0,37,50,3.9359003269816215,0,1,6.6000000000000005,69,Stable
12,11,1,3,0,0,0,0,10,3,0,25,50,3.9754098360655736,0,8,13.2,60,Slow
3.88,4,0,3.47,0,0,0,0,1,1,0,38,50,3.9587902370003536,0,1,4.268,53,Slow
8,7,0,3.96,0,0,0,0,50,2,0,20,50,3.9987976915678094,0,2,8.8,39,Hot
12,48,1,3.98,0,0,0,0,50,3,0,43,50,4.105967054218412,0,2,13.2,67,Stable
5.65,33,0,3.39,0,0,0,0,50,2,0,41,50,4.030377278954579,0,3,6.215000000000001,2,Stable
11,11,0,4.46,1,0,1,0,50,3,0,41,50,4.0146634081315264,1,3,12.1,56,Stable
12,11,0,3.82,0,0,0,0,50,3,0,41,50,3.978864638096755,1,2,13.2,53,Stable
9,8,1,4.13,0,0,0,0,3,3,0,47,50,4.239851419474662,0,8,9.9,4,Slow
8,58,0,3.45,0,0,0,0,5,3,0,43,50,4.192789291882556,0,2,8.8,24,Stable
8,17,1,3.39,0,0,0,0,1,2,0,41,50,3.954443094812409,1,8,8.8,24,Stable
5.79,5,0,3.78,0,0,0,0,6,2,0,47,50,3.7324733595064497,0,2,6.369000000000001,60,Stable
8,16,0,3.27,0,0,0,0,12,2,0,18,50,3.8740329083578513,0,2,8.8,60,Hot
2.79,13,1,4,0,0,0,0,35,1,0,48,50,4.2452253628724215,0,1,3.0690000000000004,25,Slow
9,84,1,3.73,0,0,0,0,15,3,0,43,50,3.909778861515177,0,2,9.9,46,Slow
8,7,0,3.68,0,0,0,0,50,3,0,24,50,3.881463802704853,0,2,8.8,43,Hot
5.65,7,0,4.24,0,0,0,0,12,2,0,40,50,4.04772518683624,0,4,6.215000000000001,39,Stable
4.86,5,1,3.79,0,0,0,0,1,1,0,20,50,4.189139268562985,0,1,5.346000000000001,60,Stable
6,8,1,3.82,0,0,0,0,4,2,0,54,50,4.170602858918583,0,2,6.6000000000000005,24,Stable
6,9,0,4.01,0,0,0,0,50,2,0,35,50,4.092215568862276,0,2,6.6000000000000005,4,Stable
8,9,0,4.22,0,0,0,0,50,2,0,39,50,4.192800854815013,0,2,8.8,53,Stable
11,50,0,3.45,0,0,0,0,50,2,0,43,50,3.967520145210528,0,3,12.1,4,Stable
9,17,0,3.93,0,0,0,0,23,3,0,59,50,4.343235348952831,0,2,9.9,24,Hot
8,84,0,3.74,0,0,0,0,50,3,0,63,50,4.267890818858561,0,4,8.8,58,Stable
12,11,1,3.8,0,0,0,0,25,3,0,49,50,4.1214837434884135,1,3,13.2,4,Hot
14,37,0,3.85,0,0,0,0,50,4,0,41,50,3.933581376640354,0,3,15.400000000000002,43,Stable
8,7,0,4.07,0,0,0,0,1,3,0,33,50,4.230555555555555,0,2,8.8,4,Slow
8,7,0,3.09,0,0,0,0,50,3,0,37,50,4.097302504816955,1,2,8.8,69,Stable
7,6,0,3.44,0,0,0,0,5,2,0,47,50,3.7324733595064497,0,2,7.700000000000001,53,Stable
7,26,0,3.59,0,0,0,0,50,2,0,33,50,3.999819298879653,0,2,7.700000000000001,53,Stable
16,111,1,4.05,0,0,0,0,50,4,0,44,50,4.1934566145092464,0,2,17.6,3,Stable
11,24,0,3.78,0,0,0,0,50,2,0,41,50,4.079643755898081,1,2,12.1,69,Stable
9,65,0,4.09,0,0,0,0,13,3,0,94,50,4.064229831986662,0,4,9.9,4,Stable
5,28,1,3.29,0,0,0,0,1,2,0,26,50,3.696054114994363,0,8,5.5,11,Stable
16,14,1,4.52,3,1,1,1,50,6,1,43,50,4.254433946626886,0,8,17.6,58,Stable
7,6,1,4.23,0,0,0,0,50,2,0,36,50,4.3324293785310735,1,8,7.700000000000001,24,Stable
9,50,0,3.6,0,0,0,0,50,3,0,43,50,3.99505640765623,0,2,9.9,4,Stable
1.76,2,0,4.63,1,0,1,0,2,1,0,45,9,4.455940500847298,0,8,1.936,60,Slow
8,7,0,4.23,0,0,0,0,50,3,0,43,50,4.114800185046796,0,2,8.8,4,Stable
4.69,4,1,3.95,0,0,0,0,3,1,0,49,50,4.1214837434884135,1,4,5.159000000000001,24,Stable
8,18,1,4.15,0,0,0,0,50,2,0,43,50,3.740885355412335,0,4,8.8,24,Stable
6,6,0,3.47,0,0,0,0,10,2,0,45,50,3.8675471698113206,0,2,6.6000000000000005,25,Slow
6,33,0,2.33,0,0,0,0,50,2,0,41,50,3.9246774093968018,0,2,6.6000000000000005,11,Slow
4.65,4,0,5,0,0,0,0,9,1,0,36,50,3.8917910447761193,0,1,5.115000000000001,32,Slow
2.67,67,0,5,0,0,0,0,5,1,0,27,50,3.692307692307693,0,8,2.9370000000000003,52,Slow
11,10,1,3.5,0,0,0,0,49,3,0,30,50,4.024460097530769,0,2,12.1,53,Slow
5,26,1,4,0,0,0,0,50,2,0,41,50,4.157547692152816,0,2,5.5,46,Slow
11,11,1,4.22,1,0,1,0,5,3,0,35,50,3.7661169415292353,0,1,12.1,52,Stable
7,11,0,3.98,0,0,0,0,5,2,0,41,50,4.063965982351059,0,2,7.700000000000001,25,Hot
12,11,0,3.61,0,0,0,0,7,3,0,54,50,4.194554146747038,0,2,13.2,60,Stable
1.72,26,1,4.33,0,0,0,0,9,1,0,43,50,4.007283321194465,0,1,1.892,69,Stable
1.72,2,0,4.23,0,0,0,0,3,1,0,55,50,4.0032,0,1,1.892,21,Slow
8,47,1,4.21,1,0,1,0,6,3,0,38,50,4.321880650994575,0,1,8.8,22,Hot
5.8,9,1,3.83,0,0,0,0,4,2,0,43,50,3.8099664251634566,0,1,6.38,56,Stable
7,6,0,4.12,0,0,0,0,6,2,0,18,50,4.156197708842837,0,3,7.700000000000001,4,Hot
3.66,26,1,3.2,0,0,0,0,50,1,0,140,50,3.3382899628252787,0,8,4.026000000000001,24,Slow
3.83,4,1,3.76,0,0,0,0,50,1,0,42,50,4.285597735765438,0,2,4.213,4,Stable
13,84,1,4.36,1,0,1,0,50,3,0,33,50,4.301066655423922,1,2,14.3,4,Hot
6,17,1,3.85,0,0,0,0,1,2,0,41,50,4.079643755898081,1,8,6.6000000000000005,11,Stable
15,59,0,3.87,0,0,0,0,11,4,0,30,50,4.157836796477226,0,3,16.5,58,Slow
1.71,2,1,4.67,0,0,0,0,2,1,0,31,50,3.7974481658692185,0,1,1.881,25,Slow
12,43,1,3.87,0,0,0,0,50,3,0,42,50,3.9729373517265616,1,2,13.2,32,Hot
9,8,0,4.17,0,0,0,0,50,3,0,41,50,4.030377278954579,0,2,9.9,4,Stable
2,56,1,3.73,0,0,0,0,2,1,0,27,50,3.909907021481244,0,2,2.2,24,Stable
5,5,1,3.4,0,0,0,0,50,2,0,35,50,3.918367346938776,0,1,5.5,4,Slow
9,14,0,4.14,0,0,0,0,50,3,0,43,50,3.849194360523666,1,3,9.9,52,Hot
16,14,1,4.27,1,0,1,0,50,4,0,36,50,4.217898832684825,0,1,17.6,23,Stable
7,6,0,3.23,0,0,0,0,9,2,0,13,50,3.687425860023725,0,2,7.700000000000001,60,Stable
7,84,0,3.93,0,0,0,0,50,2,0,41,50,4.029235310922769,0,2,7.700000000000001,52,Hot
8,54,0,3.69,0,0,0,0,50,3,0,78,50,3.8402569374385433,1,2,8.8,25,Hot
8,7,0,3.8,0,0,0,0,50,3,0,14,50,4.045454545454546,0,1,8.8,25,Slow
8,7,0,3.66,0,0,0,0,50,3,0,24,50,3.849592549476135,0,2,8.8,60,Hot
3,3,1,4.04,0,0,0,0,1,1,0,29,50,4.093588281729673,1,8,3.3000000000000003,14,Slow
8,20,0,3.12,0,0,0,0,50,2,0,138,50,3.9531687452277935,0,2,8.8,57,Stable
11,49,0,3.73,0,0,0,0,25,2,0,43,50,4.143965517241379,0,3,12.1,67,Slow
13,11,0,3.36,0,0,0,0,50,3,0,14,50,3.872009976193176,0,2,14.3,53,Stable
11,11,1,4.16,0,0,0,0,41,2,0,37,50,4.054470783197637,0,5,12.1,60,Stable
7,7,0,4.02,0,0,0,0,50,2,0,41,50,4.018157135584592,1,2,7.700000000000001,60,Stable
9,10,1,5,0,0,0,0,50,3,0,43,50,3.690721649484536,0,1,9.9,4,Slow
8,7,0,4.19,1,0,1,0,50,2,0,21,50,3.851930136833908,1,1,8.8,46,Slow
8,8,0,4.06,0,0,0,0,1,3,0,42,50,4.024242424242424,0,2,8.8,46,Stable
6,17,1,4.26,1,0,1,0,20,2,0,48,50,4.274865940148763,0,2,6.6000000000000005,25,Stable
13,93,0,4.09,0,0,0,0,5,3,0,40,50,4.235381805985168,0,2,14.3,46,Slow
13,59,0,4.14,0,0,0,0,50,3,0,43,50,4.038733886098166,0,2,14.3,39,Stable
5,5,1,3.88,0,0,0,0,50,2,0,23,50,4.120676596818985,0,2,5.5,4,Stable
3.69,53,1,4.36,1,0,0,1,1,1,0,27,50,3.855595667870036,1,8,4.059,4,Slow
3.85,69,1,3.23,0,0,0,0,1,1,0,25,50,3.9601706970128014,0,2,4.235,37,Stable
11,10,0,3.91,0,0,0,0,50,3,0,40,50,4.106342523427951,0,1,12.1,60,Slow
8,85,1,4.5,0,0,0,0,1,2,0,15,50,3.901734104046243,0,8,8.8,60,Slow
7,7,0,3.36,0,0,0,0,1,2,0,38,50,3.810479375696767,0,3,7.700000000000001,4,Slow
11,24,0,3.73,0,0,0,0,50,3,0,42,50,4.2134385692394885,0,4,12.1,60,Stable
11,10,1,3.2,0,0,0,0,35,2,0,28,50,4.080890773644167,1,8,12.1,4,Stable
2.7,3,1,4.13,0,0,0,0,1,1,0,33,50,4.108849060138637,0,2,2.9700000000000006,37,Hot
5.83,8,0,3.99,0,0,0,0,50,2,0,40,50,3.83793694273772,1,8,6.413,24,Stable
12,11,0,3.97,0,0,0,0,50,3,0,42,50,3.7355371900826446,0,2,13.2,60,Slow
3.67,13,0,4.09,0,0,0,0,50,1,0,43,50,4.136723163841808,0,2,4.037,4,Stable
12,11,0,3.73,0,0,0,0,50,3,0,42,50,4.027820256440418,0,2,13.2,69,Slow
2.71,6,1,3.4,0,0,0,0,2,1,0,31,50,3.7974481658692185,0,1,2.9810000000000003,46,Slow
5.73,5,0,4.03,0,0,0,0,50,1,0,137,50,4.003115264797508,0,8,6.303000000000001,4,Slow
8,7,0,3.84,0,0,0,0,50,2,0,25,50,4.268002261895145,1,2,8.8,38,Hot
14,12,0,2.7,0,0,0,0,14,3,0,27,50,3.922702373706634,0,8,15.400000000000002,46,Slow
3.66,4,0,3.04,0,0,0,0,50,1,0,138,50,3.9531687452277935,0,6,4.026000000000001,11,Slow
6,6,0,3.4,0,0,0,0,50,2,0,14,50,3.625,0,1,6.6000000000000005,69,Slow
12,85,0,3.58,0,0,0,0,50,3,0,43,50,3.855390406957876,1,2,13.2,60,Stable
13,56,1,3.55,0,0,0,0,50,3,0,38,50,3.774774774774775,0,2,14.3,4,Slow
9,8,1,3.67,0,0,0,0,1,3,0,35,50,3.924684510891408,0,5,9.9,68,Stable
11,11,0,3.62,0,0,0,0,50,2,0,41,50,3.817149007414494,0,2,12.1,46,Stable
11,10,0,3.55,0,0,0,0,17,3,0,32,50,3.5568181818181817,0,1,12.1,46,Slow
9,26,1,3.78,0,0,0,0,50,3,0,40,50,4.103759813878616,0,2,9.9,4,Hot
7,49,0,3.99,0,0,0,0,50,2,0,40,50,4.31602172437203,0,2,7.700000000000001,4,Stable
3.73,17,1,4.37,1,0,1,0,5,1,0,48,50,4.521865889212828,0,8,4.103000000000001,60,Slow
3.81,25,1,3.32,0,0,0,0,50,1,0,35,50,3.9445350734094617,0,2,4.191000000000001,43,Slow
6,142,1,3.78,0,0,0,0,20,2,0,41,50,4.123419626730885,1,2,6.6000000000000005,1,Hot
12,86,0,4.09,0,0,0,0,10,3,0,37,50,4.253287170683521,0,2,13.2,60,Stable
6,6,1,5,0,0,0,0,1,2,0,27,50,4.035714285714286,0,1,6.6000000000000005,4,Slow
6,31,0,4.09,0,0,0,0,50,2,0,45,50,4.280441531562608,0,2,6.6000000000000005,65,Hot
9,8,0,3.83,0,0,0,0,50,3,0,53,50,4.302082209515589,1,2,9.9,69,Hot
13,11,0,4.33,0,0,0,0,1,3,0,79,24,4.093536704276362,0,4,14.3,46,Slow
11,10,0,3.75,0,0,0,0,50,3,0,23,50,4.235886611005772,0,8,12.1,60,Hot
3.9,5,0,3.11,0,0,0,0,9,1,0,91,50,3.882722007722008,0,2,4.29,46,Stable
8,47,1,4.33,1,0,1,0,50,2,0,43,50,4.577519379844961,0,2,8.8,11,Slow
6,6,0,4.2,1,0,1,0,18,2,0,53,50,4.227942713777964,0,2,6.6000000000000005,4,Hot
6,6,0,3.93,0,0,0,0,50,2,0,43,50,4.006692220293909,0,3,6.6000000000000005,4,Stable
8,10,1,5,0,0,0,0,50,3,0,41,50,4.146241563881778,0,1,8.8,4,Slow
4.68,25,1,3.69,0,0,0,0,50,1,0,43,50,4.057810984748303,0,6,5.148,11,Stable
8,43,0,4,0,0,0,0,50,3,0,41,50,3.933581376640354,0,3,8.8,4,Stable
8,51,1,3.61,0,0,0,0,50,3,0,38,50,4.141953441295547,0,8,8.8,60,Stable
7,26,0,2.9,0,0,0,0,50,2,0,33,50,3.1875,0,2,7.700000000000001,60,Slow
7,6,0,4.11,0,0,0,0,50,2,0,31,50,4.066217831016292,0,2,7.700000000000001,4,Hot
7,30,1,3.28,0,0,0,0,50,2,0,109,50,4.382091743119266,1,1,7.700000000000001,60,Stable
5.65,5,1,3.87,0,0,0,0,50,1,0,36,50,4.054545454545455,0,3,6.215000000000001,69,Stable
8,9,0,3.35,0,0,0,0,50,2,0,36,50,3.987921489682939,0,1,8.8,69,Hot
12,58,0,4.18,0,0,0,0,50,3,0,52,50,4.146568821896073,0,3,13.2,11,Stable
5,5,1,3.1,0,0,0,0,50,2,0,27,50,4.325214899713467,0,8,5.5,58,Stable
3.84,4,0,3.18,0,0,0,0,50,1,0,36,50,4.31858407079646,0,2,4.224,24,Stable
8,7,1,3.56,0,0,0,0,50,3,0,39,50,4.180749910297811,0,3,8.8,4,Hot
12,31,0,3.87,0,0,0,0,50,3,0,12,50,4.007824726134586,1,1,13.2,24,Stable
5.79,9,1,3.96,0,0,0,0,1,2,0,43,50,3.7211538461538463,0,8,6.369000000000001,60,Slow
7,66,1,5,0,0,0,0,50,2,0,41,50,4.0422306442880345,1,1,7.700000000000001,11,Slow
3,5,1,4.05,0,0,0,0,1,1,0,90,50,4.07985182136242,0,2,3.3000000000000003,4,Stable
13,22,1,4.01,0,0,0,0,50,3,0,30,50,4.330745341614906,0,1,14.3,3,Stable
8,76,1,3.64,0,0,0,0,26,2,0,25,50,3.5142857142857142,0,8,8.8,52,Slow
9,8,1,4.07,0,0,0,0,10,3,0,30,50,3.966666666666667,0,8,9.9,3,Slow
9,8,1,4.27,1,0,1,0,50,3,0,43,50,4.100615674746242,0,2,9.9,46,Stable
4.9,8,1,3.83,0,0,0,0,1,1,0,41,50,3.8996732762505633,0,8,5.390000000000001,60,Stable
8,38,0,4.14,0,0,0,0,50,3,0,39,50,4.383107569721116,0,3,8.8,4,Stable
25,38,1,3.17,0,0,0,0,10,7,0,27,37,4.00997506234414,0,2,27.500000000000004,37,Slow
9,8,1,3.52,0,0,0,0,17,3,0,35,50,3.924684510891408,0,2,9.9,22,Stable
11,42,0,4.24,0,0,0,0,9,2,0,105,50,4.365789903610521,0,8,12.1,24,Slow
12,102,1,4.22,1,0,1,0,8,3,0,37,50,4.211623246492986,0,2,13.2,25,Stable
9,59,0,3.77,0,0,0,0,17,3,0,47,50,4.1921745152354575,0,2,9.9,53,Hot
8,25,1,4,0,0,0,0,50,2,0,43,50,4.106866757617099,0,2,8.8,4,Slow
8,7,0,4.22,0,0,0,0,50,3,0,43,50,4.057468354430379,0,2,8.8,25,Stable
15,13,0,3.51,0,0,0,0,10,4,0,42,50,4.471017514595497,0,2,16.5,53,Stable
14,27,0,3.52,0,0,0,0,50,4,0,43,50,3.95999491998984,0,3,15.400000000000002,4,Stable
13,11,1,2.97,0,0,0,0,34,3,0,35,50,4.001588178428394,0,3,14.3,24,Hot
6,7,1,4,0,0,0,0,50,2,0,44,50,4.051049060135715,0,2,6.6000000000000005,4,Slow
11,10,0,4.34,1,0,1,0,15,2,0,20,50,4.081176470588235,0,1,12.1,39,Stable
7,6,0,4.16,0,0,0,0,50,2,0,73,50,4.20403825717322,0,1,7.700000000000001,4,Stable
2,2,1,3.89,0,0,0,0,1,1,0,35,50,4.089677190493083,0,2,2.2,24,Stable
8,7,0,4.01,0,0,0,0,50,2,0,40,50,4.143666099793755,1,3,8.8,4,Hot
8,7,1,3.63,0,0,0,0,50,2,0,49,50,3.973381730187538,0,2,8.8,31,Stable
8,7,0,4.14,0,0,0,0,50,3,0,36,50,4.298745957652292,0,2,8.8,46,Stable
18,27,1,4.03,0,0,0,0,50,5,0,41,50,3.794946550048591,0,2,19.8,11,Stable
11,10,1,3.7,0,0,0,0,50,3,0,35,50,3.965700632033297,0,4,12.1,52,Hot
11,83,0,3.87,0,0,0,0,50,2,0,38,50,4.127921060600077,0,3,12.1,3,Hot
4,4,0,4.03,0,0,0,0,50,1,0,41,50,4.311065983693511,0,2,4.4,53,Hot
8,7,0,3.71,0,0,0,0,50,2,0,31,50,4.0583906954664135,0,1,8.8,60,Hot
8,7,0,3.94,0,0,0,0,50,2,0,21,50,4.178367253601646,0,1,8.8,52,Stable
6,23,1,3.94,0,0,0,0,50,2,0,54,50,3.970419699550875,0,2,6.6000000000000005,60,Stable
5.87,5,1,3.98,0,0,0,0,5,1,0,18,50,4.118811881188119,0,1,6.457000000000001,53,Hot
2.65,3,0,4.58,1,0,1,0,50,1,0,14,50,3.9877777777777776,0,8,2.915,58,Slow
7,6,1,4,0,0,0,0,2,2,0,50,50,4.069703454601039,0,3,7.700000000000001,24,Hot
7,22,1,3.82,0,0,0,0,50,2,0,46,50,4.2188662973274464,1,2,7.700000000000001,58,Hot
14,12,0,3.83,0,0,0,0,50,4,0,41,50,3.955434157561817,0,2,15.400000000000002,60,Stable
19,105,1,4.4,2,1,1,0,50,6,0,57,50,4.32994873984029,0,8,20.9,52,Hot
8,7,1,3.7,0,0,0,0,10,2,0,38,50,4.175851089884889,0,8,8.8,24,Stable
7,50,0,4.02,0,0,0,0,50,2,0,43,50,3.967520145210528,0,2,7.700000000000001,59,Stable
8,9,1,3.09,0,0,0,0,50,2,0,43,50,3.80168428005284,1,2,8.8,46,Hot
8,7,1,3.93,0,0,0,0,19,2,0,28,50,4.080890773644167,1,2,8.8,69,Stable
1.7,9,1,3.86,0,0,0,0,50,1,0,57,50,3.9917355371900825,0,8,1.87,58,Stable
12,59,0,3.59,0,0,0,0,50,3,0,44,50,4.0139206712433255,0,2,13.2,60,Slow
6,33,0,4.04,0,0,0,0,26,2,0,41,50,4.146241563881778,0,2,6.6000000000000005,46,Stable
11,10,0,3.91,0,0,0,0,50,3,0,31,50,4.179445442299057,1,2,12.1,4,Hot
5,59,0,4.27,0,0,0,0,5,2,0,43,50,4.126679462571977,0,1,5.5,24,Slow
9,49,1,3.72,0,0,0,0,50,3,0,36,50,4.04119850187266,0,3,9.9,46,Slow
15,68,1,3.87,0,0,0,0,50,4,0,40,50,4.184059040590406,0,4,16.5,69,Stable
15,13,0,4.11,0,0,0,0,50,4,0,41,50,4.030470914127424,0,4,16.5,29,Slow
11,54,1,3.93,0,0,0,0,36,2,0,29,50,4.093588281729673,1,2,12.1,53,Stable
14,84,0,3.79,0,0,0,0,50,3,0,49,50,4.288399111566718,0,2,15.400000000000002,4,Slow
16,56,0,4.01,0,0,0,0,50,4,0,18,50,4.26673839278325,0,1,17.6,58,Stable
6,6,1,3.97,0,0,0,0,50,2,0,35,50,3.965700632033297,0,4,6.6000000000000005,57,Hot
13,11,0,3.47,0,0,0,0,50,3,0,14,50,3.9787465940054494,0,2,14.3,51,Stable
3.86,4,1,3.48,0,0,0,0,1,1,0,49,50,4.1214837434884135,1,2,4.246,24,Slow
3.74,55,1,4.23,1,0,1,0,50,1,0,41,50,4.030377278954579,0,2,4.114000000000001,25,Hot
7,9,0,3.23,0,0,0,0,1,2,0,40,50,4.106342523427951,0,8,7.700000000000001,43,Slow
12,11,0,4.09,0,0,0,0,50,3,0,84,50,3.9338983050847456,0,3,13.2,4,Slow
7,6,0,3.65,0,0,0,0,50,2,0,18,50,3.625,0,1,7.700000000000001,53,Slow
8,22,0,3.74,0,0,0,0,50,2,0,44,50,4.1911667035643125,0,2,8.8,60,Stable
6,11,0,4.11,0,0,0,0,50,2,0,43,50,3.80168428005284,1,2,6.6000000000000005,53,Stable
9,8,1,3.8,0,0,0,0,50,3,0,43,50,4.136723163841808,0,3,9.9,60,Stable
16,14,1,3.73,0,0,0,0,50,5,0,41,50,3.946790915634237,0,3,17.6,69,Slow
11,17,1,3.4,0,0,0,0,50,2,0,43,50,3.917353418992764,0,2,12.1,60,Slow
2,2,1,3.53,2,1,0,1,1,1,0,45,50,4.030478955007257,0,8,2.2,60,Slow
8,7,1,3.13,0,0,0,0,3,3,0,25,50,4.072474709346218,0,8,8.8,25,Stable
7,22,1,3.79,0,0,0,0,17,2,0,40,50,4.250155957579539,0,2,7.700000000000001,40,Stable
2,2,1,3.7,0,0,0,0,2,1,0,23,50,4.045170200666179,1,1,2.2,63,Stable
8,34,1,4.14,0,0,0,0,2,3,0,36,50,3.9392265193370166,1,2,8.8,39,Stable
11,10,1,3.73,0,0,0,0,50,2,0,38,50,3.789601485502071,0,8,12.1,4,Stable
5,11,0,3.72,0,0,0,0,38,1,0,17,50,4.039495450785774,0,2,5.5,24,Slow
6,6,0,4.29,3,1,1,1,50,7,1,39,50,4.314149962880475,0,2,6.6000000000000005,58,Hot
12,13,1,3.91,0,0,0,0,50,3,0,42,50,4.017513134851138,0,4,13.2,32,Stable
6,6,1,4.27,0,0,0,0,3,2,0,43,50,3.896921017402945,1,1,6.6000000000000005,24,Slow
11,10,0,3.64,0,0,0,0,50,3,0,24,50,3.908535421042582,0,2,12.1,4,Stable
8,7,1,4.43,0,0,0,0,9,2,0,39,50,4.181372549019608,1,1,8.8,60,Stable
2,2,1,2.44,0,0,0,0,50,1,0,42,50,4.035360468999295,0,8,2.2,2,Slow
5.66,5,0,4.14,0,0,0,0,14,2,0,29,50,4.195856185252895,0,2,6.226000000000001,52,Hot
14,12,1,3.61,0,0,0,0,29,4,0,26,50,3.9603282497466448,0,2,15.400000000000002,39,Stable
9,8,0,3.9,0,0,0,0,50,3,0,21,50,4.057208765859285,0,1,9.9,53,Stable
11,10,0,4.75,0,0,0,0,4,3,0,20,50,3.6965778728368655,0,1,12.1,4,Slow
7,34,1,4.52,1,0,1,0,50,2,0,35,50,4.150512214342002,0,1,7.700000000000001,37,Slow
3.92,4,1,3.76,0,0,0,0,7,1,0,36,50,4.138885385322258,0,3,4.312,4,Hot
8,84,0,3.31,0,0,0,0,50,2,0,37,50,4.187813611190267,0,2,8.8,60,Hot
16,14,0,3.16,0,0,0,0,47,4,0,27,50,4.05688825069685,0,2,17.6,29,Stable
8,7,0,3.98,0,0,0,0,3,3,0,27,50,4.05688825069685,0,1,8.8,52,Stable
11,10,0,3.24,0,0,0,0,50,2,0,40,50,4.21034180543383,0,2,12.1,2,Slow
11,10,0,4.02,1,1,0,0,50,2,0,41,50,4.146241563881778,0,2,12.1,60,Hot
16,16,0,3.82,0,0,0,0,50,5,0,25,50,4.039473684210527,0,8,17.6,60,Slow
14,51,0,3.75,0,0,0,0,50,4,0,42,50,3.897897542197216,0,2,15.400000000000002,4,Slow
3,7,1,3.67,0,0,0,0,5,1,0,19,50,3.9750778816199377,0,1,3.3000000000000003,25,Slow
5.82,58,1,3.93,0,0,0,0,50,2,0,61,50,4.071557426337943,0,2,6.402000000000001,43,Stable
11,17,0,4.67,0,0,0,0,50,2,0,14,50,3.707584050039093,0,2,12.1,53,Slow
11,10,1,3.87,0,0,0,0,50,2,0,35,50,3.924684510891408,0,2,12.1,24,Stable
1.86,2,1,3.78,0,0,0,0,50,1,0,42,50,3.9729373517265616,1,8,2.0460000000000003,4,Stable
8,33,1,5,0,0,0,0,50,2,0,41,50,4.1100585417775415,0,2,8.8,3,Slow
3.71,5,0,5,0,0,0,0,15,1,0,135,50,4.2,0,1,4.081,4,Slow
11,28,1,3.93,0,0,0,0,2,3,0,44,50,4.186206896551724,0,8,12.1,58,Slow
5,5,1,4.13,0,0,0,0,50,2,0,48,50,3.884543645859239,0,2,5.5,67,Stable
11,13,0,3.87,0,0,0,0,50,2,0,41,50,3.948612501788013,0,2,12.1,39,Slow
13,43,0,4.31,1,0,1,0,50,3,0,40,50,4.101182864450128,0,2,14.3,24,Stable
8,11,1,4.28,1,0,1,0,50,3,0,36,50,4.258515543656106,0,2,8.8,58,Hot
13,11,0,3.9,0,0,0,0,50,3,0,52,50,4.308385933273219,0,2,14.3,52,Hot
8,7,0,3.44,0,0,0,0,50,2,0,40,50,3.7726541554959785,0,2,8.8,60,Slow
2.81,33,0,3.64,0,0,0,0,1,1,0,43,50,4.105967054218412,0,1,3.091,52,Slow
2,26,1,4.36,1,0,1,0,50,1,0,118,50,4.189843898724538,1,8,2.2,4,Hot
5.84,5,0,4.04,0,0,0,0,2,1,0,25,50,3.9568109820485744,0,1,6.424,24,Slow
16,14,0,4,0,0,0,0,50,4,0,34,50,4.434214822069866,0,2,17.6,58,Slow
6,38,1,3.82,0,0,0,0,50,2,0,9,50,4.157659048795553,0,1,6.6000000000000005,46,Stable
2.66,9,0,5,0,0,0,0,50,1,0,63,50,4.437770434338086,0,8,2.9260000000000006,58,Slow
16,33,1,4.15,0,0,0,0,50,5,0,33,50,3.9967145790554417,0,3,17.6,58,Slow
8,14,0,3.98,0,0,0,0,28,3,0,25,50,4.039473684210527,0,8,8.8,11,Stable
5.8,43,1,3.47,1,1,0,0,50,2,0,35,50,3.9623762376237615,0,2,6.38,2,Hot
7,6,0,4.09,0,0,0,0,50,2,0,139,50,4.342659644502962,0,8,7.700000000000001,4,Slow
12,11,1,3.64,0,0,0,0,23,3,0,31,50,3.7974481658692185,0,4,13.2,53,Stable
2.89,7,0,5,0,0,0,0,1,1,0,37,50,3.733333333333333,0,8,3.1790000000000003,24,Slow
8,56,1,4.67,0,0,0,0,3,2,0,19,50,3.872340425531915,0,8,8.8,60,Slow
9,8,0,3.71,0,0,0,0,50,3,0,21,50,4.070213840713925,1,8,9.9,25,Slow
5.67,6,0,3.51,0,0,0,0,50,2,0,43,50,4.0276977265449885,0,2,6.237,60,Stable
6,13,0,3.26,0,0,0,0,50,2,0,43,50,4.181588105030054,0,2,6.6000000000000005,53,Stable
11,85,0,3.58,0,0,0,0,50,2,0,40,50,4.235381805985168,0,2,12.1,17,Slow
8,7,0,4.14,0,0,0,0,50,2,0,31,50,4.243712224605186,1,1,8.8,49,Hot
7,31,0,5,0,0,0,0,10,2,0,43,50,3.949159229685298,0,1,7.700000000000001,11,Slow
14,85,0,4.23,1,0,1,0,50,4,0,41,50,3.981336637497096,1,2,15.400000000000002,11,Slow
14,12,1,4.04,0,0,0,0,50,4,0,43,50,4.007209664848013,1,2,15.400000000000002,69,Stable
8,7,0,4.13,0,0,0,0,50,2,0,36,50,4.16290093221678,0,2,8.8,4,Hot
2,2,1,4.15,0,0,0,0,50,1,0,48,50,4.220967741935484,0,8,2.2,60,Slow
8,30,1,3.09,0,0,0,0,1,3,0,40,50,4.0798744332054415,0,8,8.8,2,Stable
2,25,1,3.9,0,0,0,0,4,1,0,37,50,3.6107784431137726,0,1,2.2,24,Slow
9,8,1,3.03,0,0,0,0,50,3,0,41,50,4.057185405807893,1,2,9.9,69,Stable
9,8,1,4.14,0,0,0,0,10,3,0,38,50,4.153030993618961,0,8,9.9,52,Hot
4,4,0,3.51,0,0,0,0,50,1,0,32,50,4.222846441947565,0,1,4.4,24,Stable
11,22,1,3.66,0,0,0,0,50,2,0,35,50,3.768046198267565,0,2,12.1,60,Stable
4,4,0,4.13,0,0,0,0,50,1,0,127,50,3.937226596675416,0,2,4.4,4,Slow
4.9,5,0,3.96,0,0,0,0,1,1,0,26,50,3.88553776857995,0,1,5.390000000000001,46,Slow
9,8,0,3.85,0,0,0,0,50,3,0,55,50,3.968061051441493,0,3,9.9,60,Stable
12,43,1,3.65,0,0,0,0,50,3,0,52,50,4.110588235294117,0,4,13.2,17,Slow
7,8,1,3.73,0,0,0,0,6,2,0,38,50,4.1023209420732165,0,8,7.700000000000001,46,Stable
12,110,1,4.04,0,0,0,0,50,3,0,41,50,4.190208765718472,0,3,13.2,3,Hot
5.88,9,0,4.07,0,0,0,0,50,2,0,55,50,4.319001950585175,0,8,6.468,60,Hot
15,102,0,4.23,0,0,0,0,2,4,0,40,50,4.235381805985168,0,2,16.5,24,Stable
8,75,0,4.39,0,0,0,0,50,2,0,36,50,4.447536835838666,0,2,8.8,9,Hot
9,8,0,4.2,1,0,1,0,50,3,0,43,50,3.967520145210528,0,3,9.9,52,Hot
9,8,0,3,0,0,0,0,50,3,0,38,50,3.774193548387097,0,2,9.9,13,Slow
8,9,0,3.38,0,0,0,0,50,2,0,41,50,4.005247225025227,0,2,8.8,67,Slow
7,7,1,5,0,0,0,0,50,2,0,22,50,4.062176165803109,0,1,7.700000000000001,60,Slow
6,6,0,3.3,0,0,0,0,50,2,0,31,50,4.2177709296353365,0,1,6.6000000000000005,53,Slow
4.7,19,0,3.87,0,0,0,0,43,1,0,41,50,4.192084874712082,0,2,5.170000000000001,4,Slow
6,7,0,3.67,0,0,0,0,3,2,0,40,50,3.950093109869646,0,1,6.6000000000000005,3,Stable
4.93,6,0,3.77,0,0,0,0,1,1,0,41,50,3.8996732762505633,0,2,5.423,53,Slow
3,3,0,3.94,0,0,0,0,50,1,0,32,50,4.283611136550967,0,2,3.3000000000000003,22,Stable
8,17,1,3.94,0,0,0,0,50,2,0,43,50,4.046296296296297,0,3,8.8,4,Stable
2,2,1,3.87,0,0,0,0,1,1,0,20,50,3.9659863945578233,0,1,2.2,4,Stable
8,47,0,4.14,0,0,0,0,50,2,0,45,50,4.166509285489456,0,2,8.8,67,Hot
14,12,1,3.65,0,0,0,0,50,4,0,32,50,4.22379233067729,0,5,15.400000000000002,4,Hot
8,7,0,4.23,0,0,0,0,50,2,0,21,50,4.251260504201681,0,2,8.8,37,Stable
5.67,19,0,3.53,0,0,0,0,50,1,0,37,50,3.889131338320865,0,3,6.237,25,Hot
14,84,0,4.22,0,0,0,0,50,3,0,40,50,4.260791700117335,0,3,15.400000000000002,25,Stable
7,43,1,3.36,0,0,0,0,3,2,0,42,50,3.98499480017828,0,1,7.700000000000001,46,Stable
11,26,1,5,0,0,0,0,15,3,0,80,50,4.140702360391479,0,2,12.1,4,Slow
6,7,0,3.31,0,0,0,0,1,2,0,40,50,4.167627677100494,0,8,6.6000000000000005,2,Slow
12,17,0,3.36,0,0,0,0,50,3,0,34,50,4.160587915078933,0,3,13.2,46,Stable
16,14,1,3.28,0,0,0,0,50,5,0,81,50,3.982241953385128,1,4,17.6,4,Slow
13,68,1,3.48,0,0,0,0,12,3,0,40,50,4.194922285524642,0,2,14.3,4,Slow
11,38,0,3.91,0,0,0,0,50,2,0,63,50,4.267890818858561,0,2,12.1,60,Stable
3.71,6,1,3.45,0,0,0,0,3,1,0,42,50,4.079162781058957,0,1,4.081,69,Stable
6,9,0,3.8,0,0,0,0,1,2,0,40,50,4.106342523427951,0,8,6.6000000000000005,25,Stable
6,6,1,3.89,0,0,0,0,50,2,0,41,50,4.07420278004906,0,2,6.6000000000000005,25,Stable
12,16,0,3.28,0,0,0,0,50,3,0,20,50,3.897243107769424,0,2,13.2,37,Stable
2,2,0,4.01,0,0,0,0,50,1,0,51,50,4.165079254272488,0,8,2.2,58,Hot
5,5,1,5,0,0,0,0,4,1,0,35,50,4.122866894197952,0,8,5.5,24,Slow
5,5,0,3.3,0,0,0,0,50,2,0,32,50,4.297335307179867,1,2,5.5,3,Stable
4.66,11,1,4.01,0,0,0,0,1,1,0,44,50,4.216476533941759,0,3,5.126,52,Hot
8,22,1,4,0,0,0,0,50,2,0,43,50,4.049640276733805,0,2,8.8,11,Slow
9,9,1,5,0,0,0,0,50,3,0,44,50,4.203725356458476,0,2,9.9,60,Slow
8,9,1,3.95,0,0,0,0,50,3,0,41,50,3.949421612981877,1,2,8.8,4,Stable
16,14,1,5,0,0,0,0,2,4,0,40,50,4.466019417475728,0,8,17.6,58,Slow
5,5,1,4.1,1,0,1,0,1,2,0,42,50,4.356819325616507,0,2,5.5,60,Stable
6,6,1,4,0,0,0,0,47,2,0,35,50,3.965700632033297,0,2,6.6000000000000005,8,Hot
18,59,0,2.67,0,0,0,0,50,5,0,34,50,4.5014720314033365,0,2,19.8,46,Slow
8,7,1,3.8,0,0,0,0,49,2,0,38,50,4.038319698189988,0,1,8.8,4,Hot
5,25,1,4.19,0,0,0,0,35,2,0,43,50,3.865384615384616,0,1,5.5,60,Hot
5,10,0,4.08,0,0,0,0,1,2,0,40,50,4.252289156626506,0,8,5.5,53,Slow
26,168,1,4.15,0,0,0,0,50,7,0,17,50,3.854961832061069,0,3,28.6,4,Slow
6,6,0,3.83,0,0,0,0,3,2,0,23,50,3.775862068965517,0,1,6.6000000000000005,9,Slow
5.78,9,1,3.71,0,0,0,0,14,2,0,43,50,3.917353418992764,0,1,6.3580000000000005,4,Slow
5,7,1,4.13,0,0,0,0,13,2,0,28,50,4.080890773644167,1,2,5.5,67,Hot
5.73,5,0,3.86,0,0,0,0,50,2,0,42,50,4.15593220338983,1,3,6.303000000000001,60,Slow
3.83,4,0,3.64,0,0,0,0,50,1,0,48,50,3.884543645859239,0,1,4.213,43,Hot
7,6,0,3.69,0,0,0,0,50,2,0,36,50,3.86690291742212,0,2,7.700000000000001,39,Slow
6,6,0,4.75,0,0,0,0,5,2,0,25,50,3.9586179972672255,0,1,6.6000000000000005,24,Slow
2.65,3,0,3.4,0,0,0,0,50,1,0,31,50,4.320587456999206,1,1,2.915,43,Hot
3.71,4,1,3.44,0,0,0,0,1,1,0,23,50,4.045170200666179,1,1,4.081,52,Slow
13,26,0,3.78,0,0,0,0,50,3,0,41,50,3.86399217221135,0,3,14.3,3,Slow
12,11,0,3.59,0,0,0,0,50,3,0,54,50,3.81965881397238,0,2,13.2,4,Stable
13,252,0,3.91,0,0,0,0,50,3,0,35,50,4.097119484814202,1,8,14.3,4,Hot
12,168,0,4.09,0,0,0,0,50,3,0,52,50,4.38569196276921,1,8,13.2,4,Stable
5.69,17,0,4.31,0,0,0,0,50,2,0,43,50,4.138404648705758,0,3,6.259000000000001,60,Stable
6,8,1,3.79,0,0,0,0,50,2,0,6,50,4.073792780121894,0,2,6.6000000000000005,52,Hot
11,10,1,4.1,1,1,0,0,50,3,0,29,50,4.380203102332329,0,1,12.1,53,Stable
5,5,0,3.75,0,0,0,0,50,2,0,50,50,3.8584998362266623,0,2,5.5,46,Slow
11,10,0,3.56,0,0,0,0,50,3,0,41,50,3.880071867045965,0,2,12.1,4,Stable
5.65,10,1,2.86,0,0,0,0,1,1,0,41,50,3.8996732762505633,0,8,6.215000000000001,4,Slow
5.85,5,0,3.55,0,0,0,0,50,2,0,20,50,3.938200710965272,0,1,6.4350000000000005,4,Hot
8,85,0,4.11,0,0,0,0,10,3,0,42,50,4.231928532460447,0,3,8.8,11,Slow
6,6,1,4.13,0,0,0,0,1,2,0,18,50,4.040554547810314,0,1,6.6000000000000005,39,Stable
11,10,0,3.96,0,0,0,0,50,3,0,14,50,3.870917874396136,0,2,12.1,62,Slow
14,26,0,4.12,0,0,0,0,50,3,0,43,50,4.109952606635071,0,2,15.400000000000002,60,Stable
18,76,0,3.56,0,0,0,0,9,5,0,41,38,4.274301675977654,0,5,19.8,24,Slow
5,22,0,3.32,0,0,0,0,50,1,0,39,50,3.582830139144132,0,2,5.5,46,Stable
8,65,0,4.14,0,0,0,0,50,2,0,93,50,4.063724548597772,0,4,8.8,4,Stable
16,14,0,3.72,0,0,0,0,2,5,0,37,2,4.322984749455338,0,8,17.6,41,Slow
5.74,5,0,3.9,0,0,0,0,6,2,0,20,50,4.094904673527923,0,1,6.314000000000001,24,Stable
8,7,0,3.71,0,0,0,0,50,3,0,43,50,4.049640276733805,0,3,8.8,11,Hot
8,7,0,3.63,0,0,0,0,50,3,0,43,50,4.049640276733805,0,2,8.8,4,Hot
3,14,0,3.9,0,0,0,0,50,1,0,41,50,4.1100585417775415,0,2,3.3000000000000003,25,Slow
2,6,0,3.32,0,0,0,0,1,1,0,36,50,4.119705340699816,0,1,2.2,53,Stable
11,10,0,4.03,0,0,0,0,50,2,0,14,50,3.872009976193176,0,2,12.1,62,Stable
9,9,0,4.2,0,0,0,0,30,3,0,40,50,3.5900825843174937,1,2,9.9,53,Stable
5,5,1,2.98,0,0,0,0,2,2,0,20,50,3.904941860465117,1,1,5.5,46,Stable
6,6,1,3.98,1,1,0,0,50,2,0,26,50,4.351540616246498,0,1,6.6000000000000005,4,Stable
13,11,0,4.14,0,0,0,0,50,3,0,36,50,4.16290093221678,0,2,14.3,4,Stable
11,10,0,3.97,0,0,0,0,50,3,0,21,50,3.9318600368324126,0,1,12.1,53,Stable
9,8,1,4.24,2,1,1,0,50,3,0,28,50,4.298488664987405,0,1,9.9,52,Stable
12,11,0,3.6,0,0,0,0,50,3,0,38,50,3.789601485502071,0,3,13.2,4,Slow
5.75,25,0,3.67,0,0,0,0,50,2,0,25,50,4.209631728045326,0,2,6.325,69,Stable
11,102,1,4.15,0,0,0,0,33,3,0,41,50,4.190208765718472,0,2,12.1,4,Stable
11,47,0,4.39,0,0,0,0,50,3,0,40,50,4.3609837432263445,0,8,12.1,2,Slow
7,6,0,3.83,0,0,0,0,1,2,0,26,50,3.826666666666666,0,8,7.700000000000001,4,Slow
2.9,3,1,3.89,0,0,0,0,6,1,0,139,50,4.190184049079755,0,1,3.19,4,Slow
8,9,0,3.95,0,0,0,0,11,2,0,39,50,3.928879661292949,0,2,8.8,67,Hot
8,7,0,4.2,0,0,0,0,4,3,0,20,50,3.9318181818181817,0,1,8.8,62,Slow
5.86,59,1,4.06,0,0,0,0,6,1,0,41,50,4.079885575038406,0,1,6.446000000000001,46,Stable
13,68,0,3.79,0,0,0,0,50,3,0,66,50,4.236690529087468,0,2,14.3,4,Stable
8,7,0,4.04,0,0,0,0,1,2,0,37,50,4.277991369164378,0,1,8.8,52,Slow
14,102,0,4.18,1,0,1,0,50,4,0,40,50,4.17372311827957,0,4,15.400000000000002,69,Stable
7,23,0,3.98,0,0,0,0,50,2,0,40,50,4.293899648587566,0,1,7.700000000000001,4,Hot
11,10,1,3.86,0,0,0,0,50,2,0,39,50,4.025623074768972,0,1,12.1,37,Hot
9,31,1,3.92,0,0,0,0,50,3,0,34,50,4.165982842223051,0,2,9.9,53,Stable
8,7,0,4.39,0,0,0,0,4,2,0,20,50,3.897196261682243,0,1,8.8,11,Slow
11,84,0,3.65,0,0,0,0,50,2,0,34,50,4.034645076256825,0,3,12.1,4,Slow
15,13,1,4.4,0,0,0,0,2,4,0,36,50,3.676470588235294,0,2,16.5,24,Slow
16,14,1,3.44,0,0,0,0,50,4,0,35,50,3.367132867132867,0,3,17.6,4,Slow
5,5,1,2.94,0,0,0,0,50,2,0,25,50,4.230320366132723,0,2,5.5,60,Stable
13,85,0,4.11,0,0,0,0,50,3,0,40,50,3.878166997135933,0,2,14.3,13,Slow
20,17,1,3.2,0,0,0,0,50,6,0,36,50,3.25,0,8,22,24,Slow
9,14,1,3.31,0,0,0,0,50,3,0,33,50,3.9025477204606407,0,2,9.9,60,Hot
14,12,0,4.26,1,0,1,0,50,3,0,22,50,4.223259762308999,0,2,15.400000000000002,37,Stable
6,17,0,5,0,0,0,0,10,2,0,43,50,4.049640276733805,0,1,6.6000000000000005,60,Slow
7,6,0,2.75,0,0,0,0,9,2,0,24,50,3.908535421042582,0,1,7.700000000000001,69,Slow
11,10,0,3.91,0,0,0,0,50,2,0,52,50,4.146568821896073,0,3,12.1,24,Stable
5.67,5,0,3.63,0,0,0,0,50,1,0,40,50,4.103759813878616,0,8,6.237,60,Hot
6,7,1,4.31,0,0,0,0,4,2,0,41,50,4.001546269130125,0,1,6.6000000000000005,4,Slow
12,102,1,4.11,0,0,0,0,50,3,0,40,50,4.227260981912145,1,2,13.2,11,Slow
11,59,1,3.61,0,0,0,0,50,3,0,40,50,4.184731649289763,0,3,12.1,4,Slow
12,17,0,4.17,0,0,0,0,50,3,0,37,50,4.385294567499548,0,8,13.2,60,Slow
11,10,1,3.58,0,0,0,0,19,3,0,38,50,4.132463859208046,0,8,12.1,39,Stable
8,7,0,3.76,1,1,0,0,50,3,0,37,50,4.256873252562908,0,4,8.8,4,Stable
5,24,0,3.7,0,0,0,0,4,1,0,42,50,3.939481594918042,0,1,5.5,24,Slow
4,4,1,4.5,0,0,0,0,1,1,0,20,50,4.189139268562985,0,1,4.4,46,Slow
11,43,0,3.28,0,0,0,0,50,3,0,35,50,4.115275448329248,0,3,12.1,4,Hot
12,11,0,4.24,0,0,0,0,50,3,0,36,50,3.8398186626369473,0,8,13.2,47,Slow
11,17,0,3.26,0,0,0,0,50,3,0,37,50,3.8430641821946168,0,1,12.1,53,Stable
7,7,0,3.85,0,0,0,0,50,2,0,31,50,4.179445442299057,1,1,7.700000000000001,5,Hot
8,11,0,3.87,0,0,0,0,43,3,0,25,50,4.04006229990482,0,8,8.8,53,Slow
1.88,25,1,4.46,1,0,1,0,41,1,0,43,50,4.007283321194465,0,1,2.068,60,Slow
11,10,0,4.32,1,0,1,0,50,2,0,54,50,4.194554146747038,0,4,12.1,4,Stable
9,135,0,3.55,0,0,0,0,50,3,0,39,50,4.048993963782697,0,2,9.9,60,Slow
3.88,5,0,3.66,0,0,0,0,50,1,0,41,50,4.018157135584592,1,2,4.268,53,Hot
2,2,0,4.8,0,0,0,0,2,1,0,35,50,3.6666666666666665,0,8,2.2,60,Slow
12,13,0,4.25,0,0,0,0,50,3,0,40,50,4.084969487927832,0,2,13.2,46,Stable
1.66,2,1,3.75,0,0,0,0,2,1,0,26,50,3.94331983805668,0,1,1.826,52,Slow
7,6,0,3.27,0,0,0,0,10,2,0,9,50,3.965387599212269,0,2,7.700000000000001,60,Stable
9,8,1,4.03,0,0,0,0,2,3,0,45,50,3.9065040650406506,0,1,9.9,11,Stable
8,7,1,3.69,0,0,0,0,50,2,0,36,50,3.766138855054811,0,2,8.8,60,Stable
14,107,1,4.38,1,0,1,0,50,4,0,10,50,3.966034958601656,0,3,15.400000000000002,60,Stable
8,13,0,4.39,1,0,1,0,50,3,0,52,50,4.146568821896073,0,3,8.8,25,Stable
11,43,1,3.98,0,0,0,0,50,2,0,43,50,3.9280094546682425,0,2,12.1,17,Hot
19,17,1,4.33,0,0,0,0,50,6,0,38,50,4.234086242299795,0,8,20.9,3,Slow
8,8,1,3.61,0,0,0,0,20,2,0,38,50,4.038319698189988,0,8,8.8,39,Hot
11,10,1,3.69,0,0,0,0,10,3,0,20,50,3.895937277263008,0,1,12.1,46,Stable
12,93,1,4.1,0,0,0,0,50,3,0,40,50,4.241312741312742,0,2,13.2,4,Stable
8,7,1,3.37,0,0,0,0,50,3,0,41,50,3.965337329670025,1,2,8.8,11,Slow
8,59,1,4.05,0,0,0,0,40,3,0,18,50,3.7662337662337664,0,8,8.8,69,Slow
5,9,0,4.08,0,0,0,0,20,2,0,43,50,3.8914213236989776,0,1,5.5,4,Slow
5,48,1,4.07,0,0,0,0,50,2,0,45,50,4.089775731607257,0,1,5.5,24,Slow
13,34,0,3.74,0,0,0,0,50,3,0,41,50,3.987990196078431,0,1,14.3,69,Slow
2,7,0,3.91,0,0,0,0,50,1,0,40,50,4.099830795262268,0,8,2.2,58,Stable
8,48,1,4.01,0,0,0,0,1,3,0,17,50,3.854961832061069,0,8,8.8,3,Slow
5.86,5,1,4.55,0,0,0,0,1,2,0,23,50,4.364583333333333,0,8,6.446000000000001,4,Slow
7,34,0,3.81,0,0,0,0,6,2,0,43,50,4.013812874641647,0,1,7.700000000000001,4,Stable
8,252,1,3.88,0,0,0,0,14,3,0,41,50,3.950811907983762,0,1,8.8,4,Stable
12,11,0,3.7,0,0,0,0,50,3,0,24,50,3.952836128441417,0,2,13.2,10,Stable
2,4,1,3.1,0,0,0,0,1,1,0,40,50,3.422535211267605,0,8,2.2,46,Slow
11,83,0,3.63,0,0,0,0,50,3,0,42,50,3.702875399361022,0,3,12.1,4,Stable
8,7,1,4.14,0,0,0,0,50,2,0,42,50,4.077095305619823,0,2,8.8,4,Hot
16,50,0,3.93,0,0,0,0,18,5,0,32,50,4.310666259168704,0,1,17.6,4,Slow
9,8,1,4.41,1,0,1,0,20,3,0,36,50,4.138885385322258,0,3,9.9,35,Stable
11,38,0,4.11,0,0,0,0,2,2,0,28,50,4.17109634551495,0,1,12.1,69,Stable
8,7,1,3.71,0,0,0,0,50,3,0,50,50,3.8584998362266623,0,2,8.8,46,Stable
8,50,1,4.26,1,0,1,0,50,3,0,27,50,3.863844843401913,0,2,8.8,46,Stable
11,85,1,4,0,0,0,0,8,3,0,36,50,3.7142857142857135,0,1,12.1,60,Slow
17,75,0,4.18,0,0,0,0,50,5,0,60,50,4.180828798660527,1,2,18.700000000000003,4,Stable
2.8,3,1,3.4,0,0,0,0,8,1,0,20,50,4.018735362997658,0,1,3.08,69,Stable
8,7,1,3.43,0,0,0,0,50,3,0,15,50,3.97991967871486,0,2,8.8,25,Slow
5.89,5,1,4.15,0,0,0,0,2,1,0,30,50,3.993333333333333,0,1,6.479,4,Slow
8,7,0,3.4,0,0,0,0,50,3,0,37,50,4.023291043,1,2,8.8,25,Stable
1,1,1,3.17,0,0,0,0,50,1,0,16,50,4.166666666666667,0,8,1.1,53,Slow
16,14,0,3.87,0,0,0,0,50,4,0,41,50,4.066326401056347,0,2,17.6,11,Hot
1.66,2,1,4.21,1,0,1,0,50,1,0,34,50,4.3932067538269495,0,8,1.826,58,Stable
2.71,3,1,4.33,0,0,0,0,2,1,0,37,50,4.114583333333333,0,8,2.9810000000000003,60,Slow
16,34,1,4.28,1,0,1,0,9,5,0,39,50,4.23090311182634,1,3,17.6,4,Stable
5,5,0,3.85,0,0,0,0,1,2,0,29,50,4.043780465788048,0,8,5.5,11,Stable
11,26,1,4.04,0,0,0,0,50,3,0,46,50,4.465350914146095,0,3,12.1,60,Stable
6,6,1,3.68,0,0,0,0,5,2,0,39,50,3.995605700712589,0,8,6.6000000000000005,4,Stable
4.88,25,0,4,0,0,0,0,4,1,0,41,50,3.946790915634237,0,1,5.368,60,Stable
16,14,0,4.27,1,0,1,0,50,5,0,10,50,4.387414066631412,1,3,17.6,4,Hot
11,75,1,3.43,0,0,0,0,50,3,0,25,50,3.682692307692308,0,8,12.1,52,Stable
5,25,0,3.64,0,0,0,0,50,2,0,43,50,3.870734673438729,1,8,5.5,11,Stable
6,10,0,4.06,0,0,0,0,50,2,0,25,50,4.188215345485375,0,2,6.6000000000000005,4,Hot
6,6,1,3.15,0,0,0,0,50,2,0,62,50,4.197609561752988,0,8,6.6000000000000005,60,Stable
14,139,1,4.26,1,0,1,0,50,4,0,44,50,4.1934566145092464,0,2,15.400000000000002,11,Hot
9,17,1,4.18,0,0,0,0,19,3,0,27,50,4.130186721991701,0,1,9.9,52,Slow
5,5,1,4.1,0,0,0,0,1,2,0,35,50,4.089677190493083,0,2,5.5,52,Stable
7,6,1,4.22,1,0,1,0,50,2,0,36,50,4.164804140689331,0,2,7.700000000000001,30,Hot
9,11,0,4.4,0,0,0,0,50,3,0,43,50,3.9280094546682425,0,2,9.9,52,Slow
15,13,1,3.5,0,0,0,0,50,4,0,41,50,4.228700820832154,0,1,16.5,4,Stable
7,6,0,3.75,0,0,0,0,41,2,0,135,50,3.930513595166163,0,1,7.700000000000001,4,Stable
13,11,0,3.97,0,0,0,0,50,3,0,54,50,4.060278646573784,0,4,14.3,60,Stable
7,17,1,3.89,0,0,0,0,50,2,0,35,50,4,0,8,7.700000000000001,53,Slow
4,4,0,4.19,1,0,1,0,50,1,0,41,50,4.301120485454981,0,2,4.4,25,Stable
14,84,0,3.27,0,0,0,0,50,4,0,40,50,4.150756302521009,1,2,15.400000000000002,2,Stable
8,31,1,4.12,0,0,0,0,50,2,0,43,50,3.8099664251634566,0,2,8.8,60,Stable
4,26,1,4.3,1,0,1,0,50,1,0,48,50,4.398310437391442,0,8,4.4,69,Stable
11,10,0,4.16,1,1,0,0,5,2,0,72,50,4.109024490635933,0,2,12.1,4,Hot
5.85,43,1,3.67,0,0,0,0,50,1,0,45,50,4.340770791075051,1,8,6.4350000000000005,37,Slow
5.69,10,0,3.74,0,0,0,0,3,2,0,20,50,4.074534161490683,0,1,6.259000000000001,69,Stable
5.71,84,0,3.9,0,0,0,0,50,2,0,47,50,4.197458699967179,0,5,6.281000000000001,11,Hot
9,84,0,4.3,0,0,0,0,50,3,0,43,50,4.246192289386007,0,3,9.9,4,Stable
12,11,0,3.6,0,0,0,0,50,3,0,43,50,4.12394301820675,0,1,13.2,46,Stable
5,5,0,4.19,1,0,1,0,9,1,0,38,50,4.260005842827929,0,3,5.5,4,Hot
9,8,0,4.5,0,0,0,0,50,3,0,46,50,3.945223780895124,1,2,9.9,2,Slow
9,13,1,3.75,0,0,0,0,50,3,0,36,50,4.058499364137346,0,8,9.9,4,Stable
7,13,1,3.74,0,0,0,0,50,2,0,41,50,3.949421612981877,1,2,7.700000000000001,46,Stable
7,6,0,3.36,0,0,0,0,50,2,0,21,50,3.851930136833908,1,8,7.700000000000001,11,Slow
15,13,0,3.88,0,0,0,0,50,4,0,40,50,3.893693852386824,0,2,16.5,11,Stable
8,7,1,4.5,0,0,0,0,50,2,0,33,50,4.326463285668306,1,8,8.8,17,Slow
16,108,1,4.25,1,0,1,0,50,4,0,40,50,4.201298485100716,1,4,17.6,53,Hot
8,42,0,4.47,1,0,1,0,50,3,0,48,50,4.274865940148763,0,3,8.8,4,Stable
9,8,1,4.08,0,0,0,0,50,3,0,33,50,4.108849060138637,0,2,9.9,4,Stable
9,8,0,4.08,0,0,0,0,3,3,0,36,50,4.044769195082347,0,8,9.9,11,Stable
3.65,4,1,3.93,0,0,0,0,50,1,0,81,50,4.196498905908096,0,8,4.015000000000001,3,Hot
11,76,0,4.23,0,0,0,0,50,2,0,43,50,3.917353418992764,0,3,12.1,4,Stable
8,7,1,3.41,0,0,0,0,1,3,0,36,50,3.475583864118896,0,2,8.8,20,Stable
8,9,0,4.22,0,0,0,0,50,3,0,41,50,4.020434709634105,0,3,8.8,52,Stable
8,7,1,3.6,0,0,0,0,4,3,0,139,50,4.131070920544604,0,1,8.8,53,Stable
12,11,1,1,0,0,0,0,4,3,0,25,50,3,0,1,13.2,69,Slow
8,7,0,3.92,0,0,0,0,50,3,0,20,50,4.094904673527923,0,2,8.8,39,Hot
6,22,1,4.45,0,0,0,0,1,2,0,41,50,3.855173286111814,0,2,6.6000000000000005,53,Stable
2.69,3,0,5,0,0,0,0,50,1,0,43,50,4.247714048212801,0,1,2.959,52,Slow
1.67,2,1,3.59,1,0,0,1,2,1,0,43,50,3.967567567567568,0,8,1.837,43,Slow
6,11,0,3,0,0,0,0,50,2,0,17,50,4.032864741641338,0,2,6.6000000000000005,60,Slow
8,7,1,3.66,0,0,0,0,50,2,0,32,50,4.002226817241928,0,2,8.8,60,Stable
3,17,0,4.17,0,0,0,0,50,1,0,21,50,4.30398472918158,0,8,3.3000000000000003,11,Stable
3,3,1,3.63,0,0,0,0,3,1,0,26,50,4.056169429097606,0,8,3.3000000000000003,4,Slow
1,8,0,3.75,0,0,0,0,1,1,0,39,50,4.170212765957447,0,8,1.1,60,Slow
5,5,0,3.76,0,0,0,0,18,2,0,48,50,3.884543645859239,0,2,5.5,60,Stable
11,10,1,2.77,0,0,0,0,3,2,0,49,50,3.5454545454545454,0,1,12.1,46,Slow
2.72,17,1,3.63,0,0,0,0,3,1,0,43,50,4.179424749163879,0,1,2.9920000000000004,39,Stable
3.81,4,0,3.48,0,0,0,0,1,1,0,37,50,3.983201581027668,0,1,4.191000000000001,4,Stable
11,10,1,4.14,0,0,0,0,50,3,0,41,50,3.9707307018447904,0,3,12.1,53,Slow
6,6,1,3.99,0,0,0,0,5,2,0,38,50,4.153030993618961,0,8,6.6000000000000005,13,Slow
8,8,0,4.3,1,0,1,0,50,3,0,41,50,3.994718044167211,0,2,8.8,57,Hot
8,59,0,3.78,0,0,0,0,5,3,0,41,50,3.8713588059290847,1,1,8.8,24,Slow
15,13,1,3.73,0,0,0,0,50,4,0,28,50,3.818634571487861,0,2,16.5,24,Stable
11,10,1,4,0,0,0,0,50,2,0,39,50,3.928879661292949,0,2,12.1,4,Slow
2.81,3,1,3.5,0,0,0,0,1,1,0,35,50,4.14695734747171,1,8,3.091,4,Slow
6,17,0,4.24,1,0,1,0,50,2,0,44,50,4.155996393146979,0,2,6.6000000000000005,60,Stable
5.66,5,0,4.21,1,0,1,0,50,2,0,35,50,4.053971796692705,0,6,6.226000000000001,4,Stable
6,7,0,3.75,0,0,0,0,50,2,0,31,50,4.055231102953446,1,1,6.6000000000000005,4,Hot
8,84,0,3.6,1,0,0,1,50,3,0,36,50,3.9682688002491777,1,2,8.8,58,Hot
7,9,1,4.19,0,0,0,0,10,2,0,43,50,4.105967054218412,0,2,7.700000000000001,24,Hot
14,50,1,5,0,0,0,0,8,3,0,43,50,3.8720443837787855,0,2,15.400000000000002,57,Slow
1.84,2,1,3.68,0,0,0,0,50,1,0,57,50,3.9917355371900825,0,8,2.0240000000000005,58,Slow
8,7,0,4.05,0,0,0,0,50,2,0,24,50,3.892703862660944,0,1,8.8,60,Stable
9,8,0,4.03,0,0,0,0,50,3,0,38,50,4.208614668218859,0,3,9.9,60,Hot
7,22,0,4.46,0,0,0,0,50,2,0,51,50,4.236471123237836,0,3,7.700000000000001,25,Slow
5,9,1,4.67,0,0,0,0,50,2,0,140,50,4.4866310160427805,0,8,5.5,58,Slow
3.72,11,1,4.29,1,0,1,0,50,1,0,21,50,4.350176372300266,0,8,4.0920000000000005,4,Stable
3.81,59,0,3.74,0,0,0,0,50,1,0,41,50,3.933581376640354,0,2,4.191000000000001,67,Stable
4.93,5,1,3.36,0,0,0,0,50,1,0,45,50,3.8675471698113206,0,2,5.423,46,Stable
16,14,1,3.34,0,0,0,0,20,4,0,26,50,3.853575962759205,0,8,17.6,43,Stable
9,8,0,4.07,0,0,0,0,50,3,0,55,50,4.151916136793264,0,3,9.9,4,Stable
8,22,1,4.6,0,0,0,0,50,2,0,24,50,4.238095238095238,0,8,8.8,60,Slow
8,11,1,3.82,0,0,0,0,50,2,0,37,50,4.240676584471164,0,3,8.8,60,Hot
5,41,1,3.67,0,0,0,0,1,2,0,43,50,4.013812874641647,0,1,5.5,4,Slow
14,51,0,3.73,0,0,0,0,50,3,0,43,50,4.014063176114236,1,2,15.400000000000002,60,Stable
14,14,0,5,0,0,0,0,5,4,0,27,50,3.955908289241623,0,8,15.400000000000002,18,Slow
8,108,0,3.96,0,0,0,0,50,2,0,41,50,4.224604966139955,0,2,8.8,60,Hot
9,8,0,3.47,0,0,0,0,50,3,0,32,50,3.9813289401427774,0,2,9.9,69,Stable
16,88,0,3.67,0,0,0,0,50,4,0,32,50,4.0444816453425805,1,3,17.6,4,Slow
7,6,0,3.88,0,0,0,0,50,2,0,48,50,3.884543645859239,0,2,7.700000000000001,46,Hot
3.66,4,0,4.48,1,0,1,0,50,1,0,49,50,4.462302433797339,1,8,4.026000000000001,46,Hot
6,76,0,3.61,0,0,0,0,50,2,0,41,50,4.030377278954579,0,2,6.6000000000000005,3,Stable
4.8100000000000005,5,0,3.84,0,0,0,0,3,1,0,40,50,3.998651118266469,0,1,5.291000000000001,52,Hot
8,7,1,3.52,0,0,0,0,50,3,0,39,50,4.109477124183006,0,2,8.8,46,Stable
8,7,1,4.17,0,0,0,0,21,3,0,41,50,4.146857299470126,0,2,8.8,2,Hot
14,12,0,3.94,0,0,0,0,50,4,0,41,50,4.105777666374232,1,2,15.400000000000002,46,Stable
4.67,4,1,3.92,0,0,0,0,50,1,0,138,50,4.264658501827795,0,8,5.1370000000000005,11,Hot
1.8,2,1,4.2,0,0,0,0,1,1,0,41,50,4.079643755898081,1,1,1.98,43,Stable
5.9,5,1,3.5,0,0,0,0,50,2,0,58,50,4.254207959729432,0,8,6.490000000000001,52,Stable
5,5,0,4.64,1,0,1,0,31,2,0,35,50,4.422520661157025,0,8,5.5,58,Stable
12,11,0,4.15,0,0,0,0,50,3,0,36,50,4.111647028356856,1,4,13.2,69,Hot
5,5,0,4.07,0,0,0,0,50,2,0,32,50,4.283611136550967,0,8,5.5,25,Hot
12,76,0,4.17,0,0,0,0,50,3,0,38,50,4.127921060600077,0,4,13.2,37,Hot
6,6,1,3.96,0,0,0,0,50,2,0,35,50,4.089677190493083,0,2,6.6000000000000005,25,Hot
9,51,0,4.11,0,0,0,0,50,3,0,43,50,4.006692220293909,0,2,9.9,4,Stable
15,13,0,4.34,1,0,1,0,50,4,0,10,50,4.387414066631412,1,3,16.5,60,Hot
8,7,1,3.99,0,0,0,0,17,3,0,23,50,4.045170200666179,1,3,8.8,52,Stable
8,11,1,3.84,0,0,0,0,50,2,0,43,50,4.260026737967914,0,2,8.8,24,Stable
8,7,0,3.5,0,0,0,0,4,2,0,139,50,4.216954022988506,0,1,8.8,11,Stable
2.69,3,1,3.32,0,0,0,0,50,1,0,127,50,3.9585492227979273,0,8,2.959,11,Stable
6,29,0,3.71,0,0,0,0,7,2,0,42,50,4.069069069069069,0,8,6.6000000000000005,69,Stable
5.83,64,1,3.19,0,0,0,0,50,2,0,9,50,4.118349180659519,0,3,6.413,69,Slow
11,10,1,4.34,1,0,1,0,50,2,0,40,50,4.165000764175455,0,2,12.1,52,Stable
27,23,1,4.25,0,0,0,0,50,7,0,26,50,3.93734335839599,0,1,29.700000000000003,5,Slow
4,4,1,5,0,0,0,0,50,1,0,58,50,4.254207959729432,0,8,4.4,4,Slow
16,14,0,3.74,0,0,0,0,50,4,0,46,50,4.310432990739798,0,2,17.6,37,Hot
11,18,1,4.14,0,0,0,0,50,3,0,46,50,4.2188662973274464,1,2,12.1,46,Hot
8,30,0,3.61,0,0,0,0,50,2,0,42,50,4.105127474525448,0,2,8.8,60,Hot
11,12,0,3.96,0,0,0,0,50,2,0,23,50,4.1224664879356565,0,2,12.1,25,Hot
9,8,1,3.72,0,0,0,0,5,3,0,38,50,3.997589762703442,0,8,9.9,60,Stable
12,11,0,3.94,0,0,0,0,50,3,0,17,50,4.032864741641338,0,2,13.2,4,Stable
7,84,1,3.7,0,0,0,0,27,2,0,38,50,3.779467680608365,0,1,7.700000000000001,25,Slow
8,7,0,3.97,0,0,0,0,50,3,0,14,50,3.870917874396136,0,2,8.8,39,Stable
9,8,0,4.28,1,0,1,0,50,3,0,39,50,3.928879661292949,0,2,9.9,4,Stable
8,7,0,3.4,0,0,0,0,50,2,0,14,50,3.829268292682927,0,1,8.8,69,Stable
12,87,0,4.11,0,0,0,0,15,3,0,40,50,4.201298485100716,1,3,13.2,60,Hot
13,72,0,3.99,0,0,0,0,50,3,0,48,50,4.420437956204379,1,2,14.3,4,Stable
3,3,0,3.2,1,1,0,0,50,1,0,32,50,4.222846441947565,0,2,3.3000000000000003,60,Stable
5,5,0,3.2,0,0,0,0,10,2,0,48,50,3.884543645859239,0,2,5.5,24,Stable
12,11,0,3.68,0,0,0,0,50,3,0,139,50,3.776636713735559,0,3,13.2,11,Stable
8,7,0,4,0,0,0,0,50,3,0,36,50,4.127901883486641,0,1,8.8,46,Slow
7,6,1,3.98,1,1,0,0,50,2,0,27,50,4.277078085642318,0,1,7.700000000000001,60,Stable
9,76,0,3.55,0,0,0,0,50,3,0,36,50,3.9682688002491777,1,2,9.9,24,Hot
13,11,0,4.12,0,0,0,0,50,3,0,36,50,4.147841677010067,1,3,14.3,4,Hot
7,25,0,3.5,0,0,0,0,2,2,0,27,50,4.192893835616438,0,2,7.700000000000001,53,Stable
3.87,4,1,3.68,0,0,0,0,1,1,0,40,50,3.626415094339624,0,1,4.257000000000001,24,Stable
15,92,0,3.51,0,0,0,0,50,4,0,38,50,4.127921060600077,0,4,16.5,53,Slow
5.91,5,0,3.38,0,0,0,0,50,2,0,36,50,3.86690291742212,0,2,6.501,60,Stable
3,8,1,3.79,0,0,0,0,1,1,0,41,50,3.987990196078431,0,1,3.3000000000000003,57,Slow
8,7,1,4.25,1,0,1,0,50,2,0,44,50,4.155031839552461,0,3,8.8,4,Hot
6,9,1,4.08,0,0,0,0,50,2,0,41,50,4.224604966139955,0,2,6.6000000000000005,39,Hot
5,19,0,3.71,0,0,0,0,15,2,0,11,50,3.961904761904762,0,8,5.5,60,Slow
7,6,1,4.07,0,0,0,0,50,2,0,41,50,4.235939057382885,0,2,7.700000000000001,53,Slow
